column,file_name
mergeid,sharew7_rel9-0-0_gv_children.dta
hhid7,sharew7_rel9-0-0_gv_children.dta
mergeidp7,sharew7_rel9-0-0_gv_children.dta
coupleid7,sharew7_rel9-0-0_gv_children.dta
country,sharew7_rel9-0-0_gv_children.dta
language,sharew7_rel9-0-0_gv_children.dta
childid_1,sharew7_rel9-0-0_gv_children.dta
childid_2,sharew7_rel9-0-0_gv_children.dta
childid_3,sharew7_rel9-0-0_gv_children.dta
childid_4,sharew7_rel9-0-0_gv_children.dta
childid_5,sharew7_rel9-0-0_gv_children.dta
childid_6,sharew7_rel9-0-0_gv_children.dta
childid_7,sharew7_rel9-0-0_gv_children.dta
childid_8,sharew7_rel9-0-0_gv_children.dta
childid_9,sharew7_rel9-0-0_gv_children.dta
childid_10,sharew7_rel9-0-0_gv_children.dta
childid_11,sharew7_rel9-0-0_gv_children.dta
childid_12,sharew7_rel9-0-0_gv_children.dta
childid_13,sharew7_rel9-0-0_gv_children.dta
childid_14,sharew7_rel9-0-0_gv_children.dta
childid_15,sharew7_rel9-0-0_gv_children.dta
childid_16,sharew7_rel9-0-0_gv_children.dta
childid_17,sharew7_rel9-0-0_gv_children.dta
childid_18,sharew7_rel9-0-0_gv_children.dta
childid_19,sharew7_rel9-0-0_gv_children.dta
childid_20,sharew7_rel9-0-0_gv_children.dta
ch001_,sharew7_rel9-0-0_gv_children.dta
ch_gender_1,sharew7_rel9-0-0_gv_children.dta
ch_gender_2,sharew7_rel9-0-0_gv_children.dta
ch_gender_3,sharew7_rel9-0-0_gv_children.dta
ch_gender_4,sharew7_rel9-0-0_gv_children.dta
ch_gender_5,sharew7_rel9-0-0_gv_children.dta
ch_gender_6,sharew7_rel9-0-0_gv_children.dta
ch_gender_7,sharew7_rel9-0-0_gv_children.dta
ch_gender_8,sharew7_rel9-0-0_gv_children.dta
ch_gender_9,sharew7_rel9-0-0_gv_children.dta
ch_gender_10,sharew7_rel9-0-0_gv_children.dta
ch_gender_11,sharew7_rel9-0-0_gv_children.dta
ch_gender_12,sharew7_rel9-0-0_gv_children.dta
ch_gender_13,sharew7_rel9-0-0_gv_children.dta
ch_gender_14,sharew7_rel9-0-0_gv_children.dta
ch_gender_15,sharew7_rel9-0-0_gv_children.dta
ch_gender_16,sharew7_rel9-0-0_gv_children.dta
ch_gender_17,sharew7_rel9-0-0_gv_children.dta
ch_gender_18,sharew7_rel9-0-0_gv_children.dta
ch_gender_19,sharew7_rel9-0-0_gv_children.dta
ch_gender_20,sharew7_rel9-0-0_gv_children.dta
ch_yrbirth_1,sharew7_rel9-0-0_gv_children.dta
ch_yrbirth_2,sharew7_rel9-0-0_gv_children.dta
ch_yrbirth_3,sharew7_rel9-0-0_gv_children.dta
ch_yrbirth_4,sharew7_rel9-0-0_gv_children.dta
ch_yrbirth_5,sharew7_rel9-0-0_gv_children.dta
ch_yrbirth_6,sharew7_rel9-0-0_gv_children.dta
ch_yrbirth_7,sharew7_rel9-0-0_gv_children.dta
ch_yrbirth_8,sharew7_rel9-0-0_gv_children.dta
ch_yrbirth_9,sharew7_rel9-0-0_gv_children.dta
ch_yrbirth_10,sharew7_rel9-0-0_gv_children.dta
ch_yrbirth_11,sharew7_rel9-0-0_gv_children.dta
ch_yrbirth_12,sharew7_rel9-0-0_gv_children.dta
ch_yrbirth_13,sharew7_rel9-0-0_gv_children.dta
ch_yrbirth_14,sharew7_rel9-0-0_gv_children.dta
ch_yrbirth_15,sharew7_rel9-0-0_gv_children.dta
ch_yrbirth_16,sharew7_rel9-0-0_gv_children.dta
ch_yrbirth_17,sharew7_rel9-0-0_gv_children.dta
ch_yrbirth_18,sharew7_rel9-0-0_gv_children.dta
ch_yrbirth_19,sharew7_rel9-0-0_gv_children.dta
ch_yrbirth_20,sharew7_rel9-0-0_gv_children.dta
ch_relation_1,sharew7_rel9-0-0_gv_children.dta
ch_relation_2,sharew7_rel9-0-0_gv_children.dta
ch_relation_3,sharew7_rel9-0-0_gv_children.dta
ch_relation_4,sharew7_rel9-0-0_gv_children.dta
ch_relation_5,sharew7_rel9-0-0_gv_children.dta
ch_relation_6,sharew7_rel9-0-0_gv_children.dta
ch_relation_7,sharew7_rel9-0-0_gv_children.dta
ch_relation_8,sharew7_rel9-0-0_gv_children.dta
ch_relation_9,sharew7_rel9-0-0_gv_children.dta
ch_relation_10,sharew7_rel9-0-0_gv_children.dta
ch_relation_11,sharew7_rel9-0-0_gv_children.dta
ch_relation_12,sharew7_rel9-0-0_gv_children.dta
ch_relation_13,sharew7_rel9-0-0_gv_children.dta
ch_relation_14,sharew7_rel9-0-0_gv_children.dta
ch_relation_15,sharew7_rel9-0-0_gv_children.dta
ch_relation_16,sharew7_rel9-0-0_gv_children.dta
ch_relation_17,sharew7_rel9-0-0_gv_children.dta
ch_relation_18,sharew7_rel9-0-0_gv_children.dta
ch_relation_19,sharew7_rel9-0-0_gv_children.dta
ch_relation_20,sharew7_rel9-0-0_gv_children.dta
ch_contact_1,sharew7_rel9-0-0_gv_children.dta
ch_contact_2,sharew7_rel9-0-0_gv_children.dta
ch_contact_3,sharew7_rel9-0-0_gv_children.dta
ch_contact_4,sharew7_rel9-0-0_gv_children.dta
ch_contact_5,sharew7_rel9-0-0_gv_children.dta
ch_contact_6,sharew7_rel9-0-0_gv_children.dta
ch_contact_7,sharew7_rel9-0-0_gv_children.dta
ch_contact_8,sharew7_rel9-0-0_gv_children.dta
ch_contact_9,sharew7_rel9-0-0_gv_children.dta
ch_contact_10,sharew7_rel9-0-0_gv_children.dta
ch_contact_11,sharew7_rel9-0-0_gv_children.dta
ch_contact_12,sharew7_rel9-0-0_gv_children.dta
ch_contact_13,sharew7_rel9-0-0_gv_children.dta
ch_contact_14,sharew7_rel9-0-0_gv_children.dta
ch_contact_15,sharew7_rel9-0-0_gv_children.dta
ch_contact_16,sharew7_rel9-0-0_gv_children.dta
ch_contact_17,sharew7_rel9-0-0_gv_children.dta
ch_contact_18,sharew7_rel9-0-0_gv_children.dta
ch_contact_19,sharew7_rel9-0-0_gv_children.dta
ch_contact_20,sharew7_rel9-0-0_gv_children.dta
ch_proximity_1,sharew7_rel9-0-0_gv_children.dta
ch_proximity_2,sharew7_rel9-0-0_gv_children.dta
ch_proximity_3,sharew7_rel9-0-0_gv_children.dta
ch_proximity_4,sharew7_rel9-0-0_gv_children.dta
ch_proximity_5,sharew7_rel9-0-0_gv_children.dta
ch_proximity_6,sharew7_rel9-0-0_gv_children.dta
ch_proximity_7,sharew7_rel9-0-0_gv_children.dta
ch_proximity_8,sharew7_rel9-0-0_gv_children.dta
ch_proximity_9,sharew7_rel9-0-0_gv_children.dta
ch_proximity_10,sharew7_rel9-0-0_gv_children.dta
ch_proximity_11,sharew7_rel9-0-0_gv_children.dta
ch_proximity_12,sharew7_rel9-0-0_gv_children.dta
ch_proximity_13,sharew7_rel9-0-0_gv_children.dta
ch_proximity_14,sharew7_rel9-0-0_gv_children.dta
ch_proximity_15,sharew7_rel9-0-0_gv_children.dta
ch_proximity_16,sharew7_rel9-0-0_gv_children.dta
ch_proximity_17,sharew7_rel9-0-0_gv_children.dta
ch_proximity_18,sharew7_rel9-0-0_gv_children.dta
ch_proximity_19,sharew7_rel9-0-0_gv_children.dta
ch_proximity_20,sharew7_rel9-0-0_gv_children.dta
ch_move_out_year_1,sharew7_rel9-0-0_gv_children.dta
ch_move_out_year_2,sharew7_rel9-0-0_gv_children.dta
ch_move_out_year_3,sharew7_rel9-0-0_gv_children.dta
ch_move_out_year_4,sharew7_rel9-0-0_gv_children.dta
ch_move_out_year_5,sharew7_rel9-0-0_gv_children.dta
ch_move_out_year_6,sharew7_rel9-0-0_gv_children.dta
ch_move_out_year_7,sharew7_rel9-0-0_gv_children.dta
ch_move_out_year_8,sharew7_rel9-0-0_gv_children.dta
ch_move_out_year_9,sharew7_rel9-0-0_gv_children.dta
ch_move_out_year_10,sharew7_rel9-0-0_gv_children.dta
ch_move_out_year_11,sharew7_rel9-0-0_gv_children.dta
ch_move_out_year_12,sharew7_rel9-0-0_gv_children.dta
ch_move_out_year_13,sharew7_rel9-0-0_gv_children.dta
ch_move_out_year_14,sharew7_rel9-0-0_gv_children.dta
ch_move_out_year_15,sharew7_rel9-0-0_gv_children.dta
ch_move_out_year_16,sharew7_rel9-0-0_gv_children.dta
ch_move_out_year_17,sharew7_rel9-0-0_gv_children.dta
ch_move_out_year_18,sharew7_rel9-0-0_gv_children.dta
ch_move_out_year_19,sharew7_rel9-0-0_gv_children.dta
ch_move_out_year_20,sharew7_rel9-0-0_gv_children.dta
ch_marital_status_1,sharew7_rel9-0-0_gv_children.dta
ch_marital_status_2,sharew7_rel9-0-0_gv_children.dta
ch_marital_status_3,sharew7_rel9-0-0_gv_children.dta
ch_marital_status_4,sharew7_rel9-0-0_gv_children.dta
ch_marital_status_5,sharew7_rel9-0-0_gv_children.dta
ch_marital_status_6,sharew7_rel9-0-0_gv_children.dta
ch_marital_status_7,sharew7_rel9-0-0_gv_children.dta
ch_marital_status_8,sharew7_rel9-0-0_gv_children.dta
ch_marital_status_9,sharew7_rel9-0-0_gv_children.dta
ch_marital_status_10,sharew7_rel9-0-0_gv_children.dta
ch_marital_status_11,sharew7_rel9-0-0_gv_children.dta
ch_marital_status_12,sharew7_rel9-0-0_gv_children.dta
ch_marital_status_13,sharew7_rel9-0-0_gv_children.dta
ch_marital_status_14,sharew7_rel9-0-0_gv_children.dta
ch_marital_status_15,sharew7_rel9-0-0_gv_children.dta
ch_marital_status_16,sharew7_rel9-0-0_gv_children.dta
ch_marital_status_17,sharew7_rel9-0-0_gv_children.dta
ch_marital_status_18,sharew7_rel9-0-0_gv_children.dta
ch_marital_status_19,sharew7_rel9-0-0_gv_children.dta
ch_marital_status_20,sharew7_rel9-0-0_gv_children.dta
ch_partner_status_1,sharew7_rel9-0-0_gv_children.dta
ch_partner_status_2,sharew7_rel9-0-0_gv_children.dta
ch_partner_status_3,sharew7_rel9-0-0_gv_children.dta
ch_partner_status_4,sharew7_rel9-0-0_gv_children.dta
ch_partner_status_5,sharew7_rel9-0-0_gv_children.dta
ch_partner_status_6,sharew7_rel9-0-0_gv_children.dta
ch_partner_status_7,sharew7_rel9-0-0_gv_children.dta
ch_partner_status_8,sharew7_rel9-0-0_gv_children.dta
ch_partner_status_9,sharew7_rel9-0-0_gv_children.dta
ch_partner_status_10,sharew7_rel9-0-0_gv_children.dta
ch_partner_status_11,sharew7_rel9-0-0_gv_children.dta
ch_partner_status_12,sharew7_rel9-0-0_gv_children.dta
ch_partner_status_13,sharew7_rel9-0-0_gv_children.dta
ch_partner_status_14,sharew7_rel9-0-0_gv_children.dta
ch_partner_status_15,sharew7_rel9-0-0_gv_children.dta
ch_partner_status_16,sharew7_rel9-0-0_gv_children.dta
ch_partner_status_17,sharew7_rel9-0-0_gv_children.dta
ch_partner_status_18,sharew7_rel9-0-0_gv_children.dta
ch_partner_status_19,sharew7_rel9-0-0_gv_children.dta
ch_partner_status_20,sharew7_rel9-0-0_gv_children.dta
ch_occupation_1,sharew7_rel9-0-0_gv_children.dta
ch_occupation_2,sharew7_rel9-0-0_gv_children.dta
ch_occupation_3,sharew7_rel9-0-0_gv_children.dta
ch_occupation_4,sharew7_rel9-0-0_gv_children.dta
ch_occupation_5,sharew7_rel9-0-0_gv_children.dta
ch_occupation_6,sharew7_rel9-0-0_gv_children.dta
ch_occupation_7,sharew7_rel9-0-0_gv_children.dta
ch_occupation_8,sharew7_rel9-0-0_gv_children.dta
ch_occupation_9,sharew7_rel9-0-0_gv_children.dta
ch_occupation_10,sharew7_rel9-0-0_gv_children.dta
ch_occupation_11,sharew7_rel9-0-0_gv_children.dta
ch_occupation_12,sharew7_rel9-0-0_gv_children.dta
ch_occupation_13,sharew7_rel9-0-0_gv_children.dta
ch_occupation_14,sharew7_rel9-0-0_gv_children.dta
ch_occupation_15,sharew7_rel9-0-0_gv_children.dta
ch_occupation_16,sharew7_rel9-0-0_gv_children.dta
ch_occupation_17,sharew7_rel9-0-0_gv_children.dta
ch_occupation_18,sharew7_rel9-0-0_gv_children.dta
ch_occupation_19,sharew7_rel9-0-0_gv_children.dta
ch_occupation_20,sharew7_rel9-0-0_gv_children.dta
ch_number_of_children_1,sharew7_rel9-0-0_gv_children.dta
ch_number_of_children_2,sharew7_rel9-0-0_gv_children.dta
ch_number_of_children_3,sharew7_rel9-0-0_gv_children.dta
ch_number_of_children_4,sharew7_rel9-0-0_gv_children.dta
ch_number_of_children_5,sharew7_rel9-0-0_gv_children.dta
ch_number_of_children_6,sharew7_rel9-0-0_gv_children.dta
ch_number_of_children_7,sharew7_rel9-0-0_gv_children.dta
ch_number_of_children_8,sharew7_rel9-0-0_gv_children.dta
ch_number_of_children_9,sharew7_rel9-0-0_gv_children.dta
ch_number_of_children_10,sharew7_rel9-0-0_gv_children.dta
ch_number_of_children_11,sharew7_rel9-0-0_gv_children.dta
ch_number_of_children_12,sharew7_rel9-0-0_gv_children.dta
ch_number_of_children_13,sharew7_rel9-0-0_gv_children.dta
ch_number_of_children_14,sharew7_rel9-0-0_gv_children.dta
ch_number_of_children_15,sharew7_rel9-0-0_gv_children.dta
ch_number_of_children_16,sharew7_rel9-0-0_gv_children.dta
ch_number_of_children_17,sharew7_rel9-0-0_gv_children.dta
ch_number_of_children_18,sharew7_rel9-0-0_gv_children.dta
ch_number_of_children_19,sharew7_rel9-0-0_gv_children.dta
ch_number_of_children_20,sharew7_rel9-0-0_gv_children.dta
ch_yrbirth_youngest_child_1,sharew7_rel9-0-0_gv_children.dta
ch_yrbirth_youngest_child_2,sharew7_rel9-0-0_gv_children.dta
ch_yrbirth_youngest_child_3,sharew7_rel9-0-0_gv_children.dta
ch_yrbirth_youngest_child_4,sharew7_rel9-0-0_gv_children.dta
ch_yrbirth_youngest_child_5,sharew7_rel9-0-0_gv_children.dta
ch_yrbirth_youngest_child_6,sharew7_rel9-0-0_gv_children.dta
ch_yrbirth_youngest_child_7,sharew7_rel9-0-0_gv_children.dta
ch_yrbirth_youngest_child_8,sharew7_rel9-0-0_gv_children.dta
ch_yrbirth_youngest_child_9,sharew7_rel9-0-0_gv_children.dta
ch_yrbirth_youngest_child_10,sharew7_rel9-0-0_gv_children.dta
ch_yrbirth_youngest_child_11,sharew7_rel9-0-0_gv_children.dta
ch_yrbirth_youngest_child_12,sharew7_rel9-0-0_gv_children.dta
ch_yrbirth_youngest_child_13,sharew7_rel9-0-0_gv_children.dta
ch_yrbirth_youngest_child_14,sharew7_rel9-0-0_gv_children.dta
ch_yrbirth_youngest_child_15,sharew7_rel9-0-0_gv_children.dta
ch_yrbirth_youngest_child_16,sharew7_rel9-0-0_gv_children.dta
ch_yrbirth_youngest_child_17,sharew7_rel9-0-0_gv_children.dta
ch_yrbirth_youngest_child_18,sharew7_rel9-0-0_gv_children.dta
ch_yrbirth_youngest_child_19,sharew7_rel9-0-0_gv_children.dta
ch_yrbirth_youngest_child_20,sharew7_rel9-0-0_gv_children.dta
ch_babysit_1,sharew7_rel9-0-0_gv_children.dta
ch_babysit_2,sharew7_rel9-0-0_gv_children.dta
ch_babysit_3,sharew7_rel9-0-0_gv_children.dta
ch_babysit_4,sharew7_rel9-0-0_gv_children.dta
ch_babysit_5,sharew7_rel9-0-0_gv_children.dta
ch_babysit_6,sharew7_rel9-0-0_gv_children.dta
ch_babysit_7,sharew7_rel9-0-0_gv_children.dta
ch_babysit_8,sharew7_rel9-0-0_gv_children.dta
ch_babysit_9,sharew7_rel9-0-0_gv_children.dta
ch_babysit_10,sharew7_rel9-0-0_gv_children.dta
ch_babysit_11,sharew7_rel9-0-0_gv_children.dta
ch_babysit_12,sharew7_rel9-0-0_gv_children.dta
ch_babysit_13,sharew7_rel9-0-0_gv_children.dta
ch_babysit_14,sharew7_rel9-0-0_gv_children.dta
ch_babysit_15,sharew7_rel9-0-0_gv_children.dta
ch_babysit_16,sharew7_rel9-0-0_gv_children.dta
ch_babysit_17,sharew7_rel9-0-0_gv_children.dta
ch_babysit_18,sharew7_rel9-0-0_gv_children.dta
ch_babysit_19,sharew7_rel9-0-0_gv_children.dta
ch_babysit_20,sharew7_rel9-0-0_gv_children.dta
ch_fin_gave_1,sharew7_rel9-0-0_gv_children.dta
ch_fin_gave_2,sharew7_rel9-0-0_gv_children.dta
ch_fin_gave_3,sharew7_rel9-0-0_gv_children.dta
ch_fin_gave_4,sharew7_rel9-0-0_gv_children.dta
ch_fin_gave_5,sharew7_rel9-0-0_gv_children.dta
ch_fin_gave_6,sharew7_rel9-0-0_gv_children.dta
ch_fin_gave_7,sharew7_rel9-0-0_gv_children.dta
ch_fin_gave_8,sharew7_rel9-0-0_gv_children.dta
ch_fin_gave_9,sharew7_rel9-0-0_gv_children.dta
ch_fin_gave_10,sharew7_rel9-0-0_gv_children.dta
ch_fin_gave_11,sharew7_rel9-0-0_gv_children.dta
ch_fin_gave_12,sharew7_rel9-0-0_gv_children.dta
ch_fin_gave_13,sharew7_rel9-0-0_gv_children.dta
ch_fin_gave_14,sharew7_rel9-0-0_gv_children.dta
ch_fin_gave_15,sharew7_rel9-0-0_gv_children.dta
ch_fin_gave_16,sharew7_rel9-0-0_gv_children.dta
ch_fin_gave_17,sharew7_rel9-0-0_gv_children.dta
ch_fin_gave_18,sharew7_rel9-0-0_gv_children.dta
ch_fin_gave_19,sharew7_rel9-0-0_gv_children.dta
ch_fin_gave_20,sharew7_rel9-0-0_gv_children.dta
ch_fin_received_1,sharew7_rel9-0-0_gv_children.dta
ch_fin_received_2,sharew7_rel9-0-0_gv_children.dta
ch_fin_received_3,sharew7_rel9-0-0_gv_children.dta
ch_fin_received_4,sharew7_rel9-0-0_gv_children.dta
ch_fin_received_5,sharew7_rel9-0-0_gv_children.dta
ch_fin_received_6,sharew7_rel9-0-0_gv_children.dta
ch_fin_received_7,sharew7_rel9-0-0_gv_children.dta
ch_fin_received_8,sharew7_rel9-0-0_gv_children.dta
ch_fin_received_9,sharew7_rel9-0-0_gv_children.dta
ch_fin_received_10,sharew7_rel9-0-0_gv_children.dta
ch_fin_received_11,sharew7_rel9-0-0_gv_children.dta
ch_fin_received_12,sharew7_rel9-0-0_gv_children.dta
ch_fin_received_13,sharew7_rel9-0-0_gv_children.dta
ch_fin_received_14,sharew7_rel9-0-0_gv_children.dta
ch_fin_received_15,sharew7_rel9-0-0_gv_children.dta
ch_fin_received_16,sharew7_rel9-0-0_gv_children.dta
ch_fin_received_17,sharew7_rel9-0-0_gv_children.dta
ch_fin_received_18,sharew7_rel9-0-0_gv_children.dta
ch_fin_received_19,sharew7_rel9-0-0_gv_children.dta
ch_fin_received_20,sharew7_rel9-0-0_gv_children.dta
ch_gift_received_1,sharew7_rel9-0-0_gv_children.dta
ch_gift_received_2,sharew7_rel9-0-0_gv_children.dta
ch_gift_received_3,sharew7_rel9-0-0_gv_children.dta
ch_gift_received_4,sharew7_rel9-0-0_gv_children.dta
ch_gift_received_5,sharew7_rel9-0-0_gv_children.dta
ch_gift_received_6,sharew7_rel9-0-0_gv_children.dta
ch_gift_received_7,sharew7_rel9-0-0_gv_children.dta
ch_gift_received_8,sharew7_rel9-0-0_gv_children.dta
ch_gift_received_9,sharew7_rel9-0-0_gv_children.dta
ch_gift_received_10,sharew7_rel9-0-0_gv_children.dta
ch_gift_received_11,sharew7_rel9-0-0_gv_children.dta
ch_gift_received_12,sharew7_rel9-0-0_gv_children.dta
ch_gift_received_13,sharew7_rel9-0-0_gv_children.dta
ch_gift_received_14,sharew7_rel9-0-0_gv_children.dta
ch_gift_received_15,sharew7_rel9-0-0_gv_children.dta
ch_gift_received_16,sharew7_rel9-0-0_gv_children.dta
ch_gift_received_17,sharew7_rel9-0-0_gv_children.dta
ch_gift_received_18,sharew7_rel9-0-0_gv_children.dta
ch_gift_received_19,sharew7_rel9-0-0_gv_children.dta
ch_gift_received_20,sharew7_rel9-0-0_gv_children.dta
ch_gift_gave_1,sharew7_rel9-0-0_gv_children.dta
ch_gift_gave_2,sharew7_rel9-0-0_gv_children.dta
ch_gift_gave_3,sharew7_rel9-0-0_gv_children.dta
ch_gift_gave_4,sharew7_rel9-0-0_gv_children.dta
ch_gift_gave_5,sharew7_rel9-0-0_gv_children.dta
ch_gift_gave_6,sharew7_rel9-0-0_gv_children.dta
ch_gift_gave_7,sharew7_rel9-0-0_gv_children.dta
ch_gift_gave_8,sharew7_rel9-0-0_gv_children.dta
ch_gift_gave_9,sharew7_rel9-0-0_gv_children.dta
ch_gift_gave_10,sharew7_rel9-0-0_gv_children.dta
ch_gift_gave_11,sharew7_rel9-0-0_gv_children.dta
ch_gift_gave_12,sharew7_rel9-0-0_gv_children.dta
ch_gift_gave_13,sharew7_rel9-0-0_gv_children.dta
ch_gift_gave_14,sharew7_rel9-0-0_gv_children.dta
ch_gift_gave_15,sharew7_rel9-0-0_gv_children.dta
ch_gift_gave_16,sharew7_rel9-0-0_gv_children.dta
ch_gift_gave_17,sharew7_rel9-0-0_gv_children.dta
ch_gift_gave_18,sharew7_rel9-0-0_gv_children.dta
ch_gift_gave_19,sharew7_rel9-0-0_gv_children.dta
ch_gift_gave_20,sharew7_rel9-0-0_gv_children.dta
ch_outhh_receive_care_1,sharew7_rel9-0-0_gv_children.dta
ch_outhh_receive_care_2,sharew7_rel9-0-0_gv_children.dta
ch_outhh_receive_care_3,sharew7_rel9-0-0_gv_children.dta
ch_outhh_receive_care_4,sharew7_rel9-0-0_gv_children.dta
ch_outhh_receive_care_5,sharew7_rel9-0-0_gv_children.dta
ch_outhh_receive_care_6,sharew7_rel9-0-0_gv_children.dta
ch_outhh_receive_care_7,sharew7_rel9-0-0_gv_children.dta
ch_outhh_receive_care_8,sharew7_rel9-0-0_gv_children.dta
ch_outhh_receive_care_9,sharew7_rel9-0-0_gv_children.dta
ch_outhh_receive_care_10,sharew7_rel9-0-0_gv_children.dta
ch_outhh_receive_care_11,sharew7_rel9-0-0_gv_children.dta
ch_outhh_receive_care_12,sharew7_rel9-0-0_gv_children.dta
ch_outhh_receive_care_13,sharew7_rel9-0-0_gv_children.dta
ch_outhh_receive_care_14,sharew7_rel9-0-0_gv_children.dta
ch_outhh_receive_care_15,sharew7_rel9-0-0_gv_children.dta
ch_outhh_receive_care_16,sharew7_rel9-0-0_gv_children.dta
ch_outhh_receive_care_17,sharew7_rel9-0-0_gv_children.dta
ch_outhh_receive_care_18,sharew7_rel9-0-0_gv_children.dta
ch_outhh_receive_care_19,sharew7_rel9-0-0_gv_children.dta
ch_outhh_receive_care_20,sharew7_rel9-0-0_gv_children.dta
ch_outhh_gave_care_1,sharew7_rel9-0-0_gv_children.dta
ch_outhh_gave_care_2,sharew7_rel9-0-0_gv_children.dta
ch_outhh_gave_care_3,sharew7_rel9-0-0_gv_children.dta
ch_outhh_gave_care_4,sharew7_rel9-0-0_gv_children.dta
ch_outhh_gave_care_5,sharew7_rel9-0-0_gv_children.dta
ch_outhh_gave_care_6,sharew7_rel9-0-0_gv_children.dta
ch_outhh_gave_care_7,sharew7_rel9-0-0_gv_children.dta
ch_outhh_gave_care_8,sharew7_rel9-0-0_gv_children.dta
ch_outhh_gave_care_9,sharew7_rel9-0-0_gv_children.dta
ch_outhh_gave_care_10,sharew7_rel9-0-0_gv_children.dta
ch_outhh_gave_care_11,sharew7_rel9-0-0_gv_children.dta
ch_outhh_gave_care_12,sharew7_rel9-0-0_gv_children.dta
ch_outhh_gave_care_13,sharew7_rel9-0-0_gv_children.dta
ch_outhh_gave_care_14,sharew7_rel9-0-0_gv_children.dta
ch_outhh_gave_care_15,sharew7_rel9-0-0_gv_children.dta
ch_outhh_gave_care_16,sharew7_rel9-0-0_gv_children.dta
ch_outhh_gave_care_17,sharew7_rel9-0-0_gv_children.dta
ch_outhh_gave_care_18,sharew7_rel9-0-0_gv_children.dta
ch_outhh_gave_care_19,sharew7_rel9-0-0_gv_children.dta
ch_outhh_gave_care_20,sharew7_rel9-0-0_gv_children.dta
ch_hh_gave_care_1,sharew7_rel9-0-0_gv_children.dta
ch_hh_gave_care_2,sharew7_rel9-0-0_gv_children.dta
ch_hh_gave_care_3,sharew7_rel9-0-0_gv_children.dta
ch_hh_gave_care_4,sharew7_rel9-0-0_gv_children.dta
ch_hh_gave_care_5,sharew7_rel9-0-0_gv_children.dta
ch_hh_gave_care_6,sharew7_rel9-0-0_gv_children.dta
ch_hh_gave_care_7,sharew7_rel9-0-0_gv_children.dta
ch_hh_gave_care_8,sharew7_rel9-0-0_gv_children.dta
ch_hh_gave_care_9,sharew7_rel9-0-0_gv_children.dta
ch_hh_gave_care_10,sharew7_rel9-0-0_gv_children.dta
ch_hh_gave_care_11,sharew7_rel9-0-0_gv_children.dta
ch_hh_gave_care_12,sharew7_rel9-0-0_gv_children.dta
ch_hh_gave_care_13,sharew7_rel9-0-0_gv_children.dta
ch_hh_gave_care_14,sharew7_rel9-0-0_gv_children.dta
ch_hh_gave_care_15,sharew7_rel9-0-0_gv_children.dta
ch_hh_gave_care_16,sharew7_rel9-0-0_gv_children.dta
ch_hh_gave_care_17,sharew7_rel9-0-0_gv_children.dta
ch_hh_gave_care_18,sharew7_rel9-0-0_gv_children.dta
ch_hh_gave_care_19,sharew7_rel9-0-0_gv_children.dta
ch_hh_gave_care_20,sharew7_rel9-0-0_gv_children.dta
ch_hh_receive_care_1,sharew7_rel9-0-0_gv_children.dta
ch_hh_receive_care_2,sharew7_rel9-0-0_gv_children.dta
ch_hh_receive_care_3,sharew7_rel9-0-0_gv_children.dta
ch_hh_receive_care_4,sharew7_rel9-0-0_gv_children.dta
ch_hh_receive_care_5,sharew7_rel9-0-0_gv_children.dta
ch_hh_receive_care_6,sharew7_rel9-0-0_gv_children.dta
ch_hh_receive_care_7,sharew7_rel9-0-0_gv_children.dta
ch_hh_receive_care_8,sharew7_rel9-0-0_gv_children.dta
ch_hh_receive_care_9,sharew7_rel9-0-0_gv_children.dta
ch_hh_receive_care_10,sharew7_rel9-0-0_gv_children.dta
ch_hh_receive_care_11,sharew7_rel9-0-0_gv_children.dta
ch_hh_receive_care_12,sharew7_rel9-0-0_gv_children.dta
ch_hh_receive_care_13,sharew7_rel9-0-0_gv_children.dta
ch_hh_receive_care_14,sharew7_rel9-0-0_gv_children.dta
ch_hh_receive_care_15,sharew7_rel9-0-0_gv_children.dta
ch_hh_receive_care_16,sharew7_rel9-0-0_gv_children.dta
ch_hh_receive_care_17,sharew7_rel9-0-0_gv_children.dta
ch_hh_receive_care_18,sharew7_rel9-0-0_gv_children.dta
ch_hh_receive_care_19,sharew7_rel9-0-0_gv_children.dta
ch_hh_receive_care_20,sharew7_rel9-0-0_gv_children.dta
ch_school_education_1,sharew7_rel9-0-0_gv_children.dta
ch_school_education_2,sharew7_rel9-0-0_gv_children.dta
ch_school_education_3,sharew7_rel9-0-0_gv_children.dta
ch_school_education_4,sharew7_rel9-0-0_gv_children.dta
ch_school_education_5,sharew7_rel9-0-0_gv_children.dta
ch_school_education_6,sharew7_rel9-0-0_gv_children.dta
ch_school_education_7,sharew7_rel9-0-0_gv_children.dta
ch_school_education_8,sharew7_rel9-0-0_gv_children.dta
ch_school_education_9,sharew7_rel9-0-0_gv_children.dta
ch_school_education_10,sharew7_rel9-0-0_gv_children.dta
ch_school_education_11,sharew7_rel9-0-0_gv_children.dta
ch_school_education_12,sharew7_rel9-0-0_gv_children.dta
ch_school_education_13,sharew7_rel9-0-0_gv_children.dta
ch_school_education_14,sharew7_rel9-0-0_gv_children.dta
ch_school_education_15,sharew7_rel9-0-0_gv_children.dta
ch_school_education_16,sharew7_rel9-0-0_gv_children.dta
ch_school_education_17,sharew7_rel9-0-0_gv_children.dta
ch_school_education_18,sharew7_rel9-0-0_gv_children.dta
ch_school_education_19,sharew7_rel9-0-0_gv_children.dta
ch_school_education_20,sharew7_rel9-0-0_gv_children.dta
ch_further_education_1_1,sharew7_rel9-0-0_gv_children.dta
ch_further_education_1_2,sharew7_rel9-0-0_gv_children.dta
ch_further_education_1_3,sharew7_rel9-0-0_gv_children.dta
ch_further_education_1_4,sharew7_rel9-0-0_gv_children.dta
ch_further_education_1_5,sharew7_rel9-0-0_gv_children.dta
ch_further_education_1_6,sharew7_rel9-0-0_gv_children.dta
ch_further_education_1_7,sharew7_rel9-0-0_gv_children.dta
ch_further_education_1_8,sharew7_rel9-0-0_gv_children.dta
ch_further_education_1_9,sharew7_rel9-0-0_gv_children.dta
ch_further_education_1_10,sharew7_rel9-0-0_gv_children.dta
ch_further_education_1_11,sharew7_rel9-0-0_gv_children.dta
ch_further_education_1_12,sharew7_rel9-0-0_gv_children.dta
ch_further_education_1_13,sharew7_rel9-0-0_gv_children.dta
ch_further_education_1_14,sharew7_rel9-0-0_gv_children.dta
ch_further_education_1_15,sharew7_rel9-0-0_gv_children.dta
ch_further_education_1_16,sharew7_rel9-0-0_gv_children.dta
ch_further_education_1_17,sharew7_rel9-0-0_gv_children.dta
ch_further_education_1_18,sharew7_rel9-0-0_gv_children.dta
ch_further_education_1_19,sharew7_rel9-0-0_gv_children.dta
ch_further_education_1_20,sharew7_rel9-0-0_gv_children.dta
ch_further_education_1_21,sharew7_rel9-0-0_gv_children.dta
ch_further_education_1_22,sharew7_rel9-0-0_gv_children.dta
ch_further_education_2_1,sharew7_rel9-0-0_gv_children.dta
ch_further_education_2_2,sharew7_rel9-0-0_gv_children.dta
ch_further_education_2_3,sharew7_rel9-0-0_gv_children.dta
ch_further_education_2_4,sharew7_rel9-0-0_gv_children.dta
ch_further_education_2_5,sharew7_rel9-0-0_gv_children.dta
ch_further_education_2_6,sharew7_rel9-0-0_gv_children.dta
ch_further_education_2_7,sharew7_rel9-0-0_gv_children.dta
ch_further_education_2_8,sharew7_rel9-0-0_gv_children.dta
ch_further_education_2_9,sharew7_rel9-0-0_gv_children.dta
ch_further_education_2_10,sharew7_rel9-0-0_gv_children.dta
ch_further_education_2_11,sharew7_rel9-0-0_gv_children.dta
ch_further_education_2_12,sharew7_rel9-0-0_gv_children.dta
ch_further_education_2_13,sharew7_rel9-0-0_gv_children.dta
ch_further_education_2_14,sharew7_rel9-0-0_gv_children.dta
ch_further_education_2_15,sharew7_rel9-0-0_gv_children.dta
ch_further_education_2_16,sharew7_rel9-0-0_gv_children.dta
ch_further_education_2_17,sharew7_rel9-0-0_gv_children.dta
ch_further_education_2_18,sharew7_rel9-0-0_gv_children.dta
ch_further_education_2_19,sharew7_rel9-0-0_gv_children.dta
ch_further_education_2_20,sharew7_rel9-0-0_gv_children.dta
ch_further_education_2_21,sharew7_rel9-0-0_gv_children.dta
ch_further_education_2_22,sharew7_rel9-0-0_gv_children.dta
ch_further_education_3_1,sharew7_rel9-0-0_gv_children.dta
ch_further_education_3_2,sharew7_rel9-0-0_gv_children.dta
ch_further_education_3_3,sharew7_rel9-0-0_gv_children.dta
ch_further_education_3_4,sharew7_rel9-0-0_gv_children.dta
ch_further_education_3_5,sharew7_rel9-0-0_gv_children.dta
ch_further_education_3_6,sharew7_rel9-0-0_gv_children.dta
ch_further_education_3_7,sharew7_rel9-0-0_gv_children.dta
ch_further_education_3_8,sharew7_rel9-0-0_gv_children.dta
ch_further_education_3_9,sharew7_rel9-0-0_gv_children.dta
ch_further_education_3_10,sharew7_rel9-0-0_gv_children.dta
ch_further_education_3_11,sharew7_rel9-0-0_gv_children.dta
ch_further_education_3_12,sharew7_rel9-0-0_gv_children.dta
ch_further_education_3_13,sharew7_rel9-0-0_gv_children.dta
ch_further_education_3_14,sharew7_rel9-0-0_gv_children.dta
ch_further_education_3_15,sharew7_rel9-0-0_gv_children.dta
ch_further_education_3_16,sharew7_rel9-0-0_gv_children.dta
ch_further_education_3_17,sharew7_rel9-0-0_gv_children.dta
ch_further_education_3_18,sharew7_rel9-0-0_gv_children.dta
ch_further_education_3_19,sharew7_rel9-0-0_gv_children.dta
ch_further_education_3_20,sharew7_rel9-0-0_gv_children.dta
ch_further_education_3_21,sharew7_rel9-0-0_gv_children.dta
ch_further_education_3_22,sharew7_rel9-0-0_gv_children.dta
ch_further_education_4_1,sharew7_rel9-0-0_gv_children.dta
ch_further_education_4_2,sharew7_rel9-0-0_gv_children.dta
ch_further_education_4_3,sharew7_rel9-0-0_gv_children.dta
ch_further_education_4_4,sharew7_rel9-0-0_gv_children.dta
ch_further_education_4_5,sharew7_rel9-0-0_gv_children.dta
ch_further_education_4_6,sharew7_rel9-0-0_gv_children.dta
ch_further_education_4_7,sharew7_rel9-0-0_gv_children.dta
ch_further_education_4_8,sharew7_rel9-0-0_gv_children.dta
ch_further_education_4_9,sharew7_rel9-0-0_gv_children.dta
ch_further_education_4_10,sharew7_rel9-0-0_gv_children.dta
ch_further_education_4_11,sharew7_rel9-0-0_gv_children.dta
ch_further_education_4_12,sharew7_rel9-0-0_gv_children.dta
ch_further_education_4_13,sharew7_rel9-0-0_gv_children.dta
ch_further_education_4_14,sharew7_rel9-0-0_gv_children.dta
ch_further_education_4_15,sharew7_rel9-0-0_gv_children.dta
ch_further_education_4_16,sharew7_rel9-0-0_gv_children.dta
ch_further_education_4_17,sharew7_rel9-0-0_gv_children.dta
ch_further_education_4_18,sharew7_rel9-0-0_gv_children.dta
ch_further_education_4_19,sharew7_rel9-0-0_gv_children.dta
ch_further_education_4_20,sharew7_rel9-0-0_gv_children.dta
ch_further_education_4_21,sharew7_rel9-0-0_gv_children.dta
ch_further_education_4_22,sharew7_rel9-0-0_gv_children.dta
ch_further_education_5_1,sharew7_rel9-0-0_gv_children.dta
ch_further_education_5_2,sharew7_rel9-0-0_gv_children.dta
ch_further_education_5_3,sharew7_rel9-0-0_gv_children.dta
ch_further_education_5_4,sharew7_rel9-0-0_gv_children.dta
ch_further_education_5_5,sharew7_rel9-0-0_gv_children.dta
ch_further_education_5_6,sharew7_rel9-0-0_gv_children.dta
ch_further_education_5_7,sharew7_rel9-0-0_gv_children.dta
ch_further_education_5_8,sharew7_rel9-0-0_gv_children.dta
ch_further_education_5_9,sharew7_rel9-0-0_gv_children.dta
ch_further_education_5_10,sharew7_rel9-0-0_gv_children.dta
ch_further_education_5_11,sharew7_rel9-0-0_gv_children.dta
ch_further_education_5_12,sharew7_rel9-0-0_gv_children.dta
ch_further_education_5_13,sharew7_rel9-0-0_gv_children.dta
ch_further_education_5_14,sharew7_rel9-0-0_gv_children.dta
ch_further_education_5_15,sharew7_rel9-0-0_gv_children.dta
ch_further_education_5_16,sharew7_rel9-0-0_gv_children.dta
ch_further_education_5_17,sharew7_rel9-0-0_gv_children.dta
ch_further_education_5_18,sharew7_rel9-0-0_gv_children.dta
ch_further_education_5_19,sharew7_rel9-0-0_gv_children.dta
ch_further_education_5_20,sharew7_rel9-0-0_gv_children.dta
ch_further_education_5_21,sharew7_rel9-0-0_gv_children.dta
ch_further_education_5_22,sharew7_rel9-0-0_gv_children.dta
ch_further_education_6_1,sharew7_rel9-0-0_gv_children.dta
ch_further_education_6_2,sharew7_rel9-0-0_gv_children.dta
ch_further_education_6_3,sharew7_rel9-0-0_gv_children.dta
ch_further_education_6_4,sharew7_rel9-0-0_gv_children.dta
ch_further_education_6_5,sharew7_rel9-0-0_gv_children.dta
ch_further_education_6_6,sharew7_rel9-0-0_gv_children.dta
ch_further_education_6_7,sharew7_rel9-0-0_gv_children.dta
ch_further_education_6_8,sharew7_rel9-0-0_gv_children.dta
ch_further_education_6_9,sharew7_rel9-0-0_gv_children.dta
ch_further_education_6_10,sharew7_rel9-0-0_gv_children.dta
ch_further_education_6_11,sharew7_rel9-0-0_gv_children.dta
ch_further_education_6_12,sharew7_rel9-0-0_gv_children.dta
ch_further_education_6_13,sharew7_rel9-0-0_gv_children.dta
ch_further_education_6_14,sharew7_rel9-0-0_gv_children.dta
ch_further_education_6_15,sharew7_rel9-0-0_gv_children.dta
ch_further_education_6_16,sharew7_rel9-0-0_gv_children.dta
ch_further_education_6_17,sharew7_rel9-0-0_gv_children.dta
ch_further_education_6_18,sharew7_rel9-0-0_gv_children.dta
ch_further_education_6_19,sharew7_rel9-0-0_gv_children.dta
ch_further_education_6_20,sharew7_rel9-0-0_gv_children.dta
ch_further_education_6_21,sharew7_rel9-0-0_gv_children.dta
ch_further_education_6_22,sharew7_rel9-0-0_gv_children.dta
ch_further_education_7_1,sharew7_rel9-0-0_gv_children.dta
ch_further_education_7_2,sharew7_rel9-0-0_gv_children.dta
ch_further_education_7_3,sharew7_rel9-0-0_gv_children.dta
ch_further_education_7_4,sharew7_rel9-0-0_gv_children.dta
ch_further_education_7_5,sharew7_rel9-0-0_gv_children.dta
ch_further_education_7_6,sharew7_rel9-0-0_gv_children.dta
ch_further_education_7_7,sharew7_rel9-0-0_gv_children.dta
ch_further_education_7_8,sharew7_rel9-0-0_gv_children.dta
ch_further_education_7_9,sharew7_rel9-0-0_gv_children.dta
ch_further_education_7_10,sharew7_rel9-0-0_gv_children.dta
ch_further_education_7_11,sharew7_rel9-0-0_gv_children.dta
ch_further_education_7_12,sharew7_rel9-0-0_gv_children.dta
ch_further_education_7_13,sharew7_rel9-0-0_gv_children.dta
ch_further_education_7_14,sharew7_rel9-0-0_gv_children.dta
ch_further_education_7_15,sharew7_rel9-0-0_gv_children.dta
ch_further_education_7_16,sharew7_rel9-0-0_gv_children.dta
ch_further_education_7_17,sharew7_rel9-0-0_gv_children.dta
ch_further_education_7_18,sharew7_rel9-0-0_gv_children.dta
ch_further_education_7_19,sharew7_rel9-0-0_gv_children.dta
ch_further_education_7_20,sharew7_rel9-0-0_gv_children.dta
ch_further_education_7_21,sharew7_rel9-0-0_gv_children.dta
ch_further_education_7_22,sharew7_rel9-0-0_gv_children.dta
ch_further_education_8_1,sharew7_rel9-0-0_gv_children.dta
ch_further_education_8_2,sharew7_rel9-0-0_gv_children.dta
ch_further_education_8_3,sharew7_rel9-0-0_gv_children.dta
ch_further_education_8_4,sharew7_rel9-0-0_gv_children.dta
ch_further_education_8_5,sharew7_rel9-0-0_gv_children.dta
ch_further_education_8_6,sharew7_rel9-0-0_gv_children.dta
ch_further_education_8_7,sharew7_rel9-0-0_gv_children.dta
ch_further_education_8_8,sharew7_rel9-0-0_gv_children.dta
ch_further_education_8_9,sharew7_rel9-0-0_gv_children.dta
ch_further_education_8_10,sharew7_rel9-0-0_gv_children.dta
ch_further_education_8_11,sharew7_rel9-0-0_gv_children.dta
ch_further_education_8_12,sharew7_rel9-0-0_gv_children.dta
ch_further_education_8_13,sharew7_rel9-0-0_gv_children.dta
ch_further_education_8_14,sharew7_rel9-0-0_gv_children.dta
ch_further_education_8_15,sharew7_rel9-0-0_gv_children.dta
ch_further_education_8_16,sharew7_rel9-0-0_gv_children.dta
ch_further_education_8_17,sharew7_rel9-0-0_gv_children.dta
ch_further_education_8_18,sharew7_rel9-0-0_gv_children.dta
ch_further_education_8_19,sharew7_rel9-0-0_gv_children.dta
ch_further_education_8_20,sharew7_rel9-0-0_gv_children.dta
ch_further_education_8_21,sharew7_rel9-0-0_gv_children.dta
ch_further_education_8_22,sharew7_rel9-0-0_gv_children.dta
ch_further_education_9_1,sharew7_rel9-0-0_gv_children.dta
ch_further_education_9_2,sharew7_rel9-0-0_gv_children.dta
ch_further_education_9_3,sharew7_rel9-0-0_gv_children.dta
ch_further_education_9_4,sharew7_rel9-0-0_gv_children.dta
ch_further_education_9_5,sharew7_rel9-0-0_gv_children.dta
ch_further_education_9_6,sharew7_rel9-0-0_gv_children.dta
ch_further_education_9_7,sharew7_rel9-0-0_gv_children.dta
ch_further_education_9_8,sharew7_rel9-0-0_gv_children.dta
ch_further_education_9_9,sharew7_rel9-0-0_gv_children.dta
ch_further_education_9_10,sharew7_rel9-0-0_gv_children.dta
ch_further_education_9_11,sharew7_rel9-0-0_gv_children.dta
ch_further_education_9_12,sharew7_rel9-0-0_gv_children.dta
ch_further_education_9_13,sharew7_rel9-0-0_gv_children.dta
ch_further_education_9_14,sharew7_rel9-0-0_gv_children.dta
ch_further_education_9_15,sharew7_rel9-0-0_gv_children.dta
ch_further_education_9_16,sharew7_rel9-0-0_gv_children.dta
ch_further_education_9_17,sharew7_rel9-0-0_gv_children.dta
ch_further_education_9_18,sharew7_rel9-0-0_gv_children.dta
ch_further_education_9_19,sharew7_rel9-0-0_gv_children.dta
ch_further_education_9_20,sharew7_rel9-0-0_gv_children.dta
ch_further_education_9_21,sharew7_rel9-0-0_gv_children.dta
ch_further_education_9_22,sharew7_rel9-0-0_gv_children.dta
ch_further_education_10_1,sharew7_rel9-0-0_gv_children.dta
ch_further_education_10_2,sharew7_rel9-0-0_gv_children.dta
ch_further_education_10_3,sharew7_rel9-0-0_gv_children.dta
ch_further_education_10_4,sharew7_rel9-0-0_gv_children.dta
ch_further_education_10_5,sharew7_rel9-0-0_gv_children.dta
ch_further_education_10_6,sharew7_rel9-0-0_gv_children.dta
ch_further_education_10_7,sharew7_rel9-0-0_gv_children.dta
ch_further_education_10_8,sharew7_rel9-0-0_gv_children.dta
ch_further_education_10_9,sharew7_rel9-0-0_gv_children.dta
ch_further_education_10_10,sharew7_rel9-0-0_gv_children.dta
ch_further_education_10_11,sharew7_rel9-0-0_gv_children.dta
ch_further_education_10_12,sharew7_rel9-0-0_gv_children.dta
ch_further_education_10_13,sharew7_rel9-0-0_gv_children.dta
ch_further_education_10_14,sharew7_rel9-0-0_gv_children.dta
ch_further_education_10_15,sharew7_rel9-0-0_gv_children.dta
ch_further_education_10_16,sharew7_rel9-0-0_gv_children.dta
ch_further_education_10_17,sharew7_rel9-0-0_gv_children.dta
ch_further_education_10_18,sharew7_rel9-0-0_gv_children.dta
ch_further_education_10_19,sharew7_rel9-0-0_gv_children.dta
ch_further_education_10_20,sharew7_rel9-0-0_gv_children.dta
ch_further_education_10_21,sharew7_rel9-0-0_gv_children.dta
ch_further_education_10_22,sharew7_rel9-0-0_gv_children.dta
ch_further_education_11_1,sharew7_rel9-0-0_gv_children.dta
ch_further_education_11_2,sharew7_rel9-0-0_gv_children.dta
ch_further_education_11_3,sharew7_rel9-0-0_gv_children.dta
ch_further_education_11_4,sharew7_rel9-0-0_gv_children.dta
ch_further_education_11_5,sharew7_rel9-0-0_gv_children.dta
ch_further_education_11_6,sharew7_rel9-0-0_gv_children.dta
ch_further_education_11_7,sharew7_rel9-0-0_gv_children.dta
ch_further_education_11_8,sharew7_rel9-0-0_gv_children.dta
ch_further_education_11_9,sharew7_rel9-0-0_gv_children.dta
ch_further_education_11_10,sharew7_rel9-0-0_gv_children.dta
ch_further_education_11_11,sharew7_rel9-0-0_gv_children.dta
ch_further_education_11_12,sharew7_rel9-0-0_gv_children.dta
ch_further_education_11_13,sharew7_rel9-0-0_gv_children.dta
ch_further_education_11_14,sharew7_rel9-0-0_gv_children.dta
ch_further_education_11_15,sharew7_rel9-0-0_gv_children.dta
ch_further_education_11_16,sharew7_rel9-0-0_gv_children.dta
ch_further_education_11_17,sharew7_rel9-0-0_gv_children.dta
ch_further_education_11_18,sharew7_rel9-0-0_gv_children.dta
ch_further_education_11_19,sharew7_rel9-0-0_gv_children.dta
ch_further_education_11_20,sharew7_rel9-0-0_gv_children.dta
ch_further_education_11_21,sharew7_rel9-0-0_gv_children.dta
ch_further_education_11_22,sharew7_rel9-0-0_gv_children.dta
ch_further_education_12_1,sharew7_rel9-0-0_gv_children.dta
ch_further_education_12_2,sharew7_rel9-0-0_gv_children.dta
ch_further_education_12_3,sharew7_rel9-0-0_gv_children.dta
ch_further_education_12_4,sharew7_rel9-0-0_gv_children.dta
ch_further_education_12_5,sharew7_rel9-0-0_gv_children.dta
ch_further_education_12_6,sharew7_rel9-0-0_gv_children.dta
ch_further_education_12_7,sharew7_rel9-0-0_gv_children.dta
ch_further_education_12_8,sharew7_rel9-0-0_gv_children.dta
ch_further_education_12_9,sharew7_rel9-0-0_gv_children.dta
ch_further_education_12_10,sharew7_rel9-0-0_gv_children.dta
ch_further_education_12_11,sharew7_rel9-0-0_gv_children.dta
ch_further_education_12_12,sharew7_rel9-0-0_gv_children.dta
ch_further_education_12_13,sharew7_rel9-0-0_gv_children.dta
ch_further_education_12_14,sharew7_rel9-0-0_gv_children.dta
ch_further_education_12_15,sharew7_rel9-0-0_gv_children.dta
ch_further_education_12_16,sharew7_rel9-0-0_gv_children.dta
ch_further_education_12_17,sharew7_rel9-0-0_gv_children.dta
ch_further_education_12_18,sharew7_rel9-0-0_gv_children.dta
ch_further_education_12_19,sharew7_rel9-0-0_gv_children.dta
ch_further_education_12_20,sharew7_rel9-0-0_gv_children.dta
ch_further_education_12_21,sharew7_rel9-0-0_gv_children.dta
ch_further_education_12_22,sharew7_rel9-0-0_gv_children.dta
ch_further_education_13_1,sharew7_rel9-0-0_gv_children.dta
ch_further_education_13_2,sharew7_rel9-0-0_gv_children.dta
ch_further_education_13_3,sharew7_rel9-0-0_gv_children.dta
ch_further_education_13_4,sharew7_rel9-0-0_gv_children.dta
ch_further_education_13_5,sharew7_rel9-0-0_gv_children.dta
ch_further_education_13_6,sharew7_rel9-0-0_gv_children.dta
ch_further_education_13_7,sharew7_rel9-0-0_gv_children.dta
ch_further_education_13_8,sharew7_rel9-0-0_gv_children.dta
ch_further_education_13_9,sharew7_rel9-0-0_gv_children.dta
ch_further_education_13_10,sharew7_rel9-0-0_gv_children.dta
ch_further_education_13_11,sharew7_rel9-0-0_gv_children.dta
ch_further_education_13_12,sharew7_rel9-0-0_gv_children.dta
ch_further_education_13_13,sharew7_rel9-0-0_gv_children.dta
ch_further_education_13_14,sharew7_rel9-0-0_gv_children.dta
ch_further_education_13_15,sharew7_rel9-0-0_gv_children.dta
ch_further_education_13_16,sharew7_rel9-0-0_gv_children.dta
ch_further_education_13_17,sharew7_rel9-0-0_gv_children.dta
ch_further_education_13_18,sharew7_rel9-0-0_gv_children.dta
ch_further_education_13_19,sharew7_rel9-0-0_gv_children.dta
ch_further_education_13_20,sharew7_rel9-0-0_gv_children.dta
ch_further_education_13_21,sharew7_rel9-0-0_gv_children.dta
ch_further_education_13_22,sharew7_rel9-0-0_gv_children.dta
ch_further_education_14_1,sharew7_rel9-0-0_gv_children.dta
ch_further_education_14_2,sharew7_rel9-0-0_gv_children.dta
ch_further_education_14_3,sharew7_rel9-0-0_gv_children.dta
ch_further_education_14_4,sharew7_rel9-0-0_gv_children.dta
ch_further_education_14_5,sharew7_rel9-0-0_gv_children.dta
ch_further_education_14_6,sharew7_rel9-0-0_gv_children.dta
ch_further_education_14_7,sharew7_rel9-0-0_gv_children.dta
ch_further_education_14_8,sharew7_rel9-0-0_gv_children.dta
ch_further_education_14_9,sharew7_rel9-0-0_gv_children.dta
ch_further_education_14_10,sharew7_rel9-0-0_gv_children.dta
ch_further_education_14_11,sharew7_rel9-0-0_gv_children.dta
ch_further_education_14_12,sharew7_rel9-0-0_gv_children.dta
ch_further_education_14_13,sharew7_rel9-0-0_gv_children.dta
ch_further_education_14_14,sharew7_rel9-0-0_gv_children.dta
ch_further_education_14_15,sharew7_rel9-0-0_gv_children.dta
ch_further_education_14_16,sharew7_rel9-0-0_gv_children.dta
ch_further_education_14_17,sharew7_rel9-0-0_gv_children.dta
ch_further_education_14_18,sharew7_rel9-0-0_gv_children.dta
ch_further_education_14_19,sharew7_rel9-0-0_gv_children.dta
ch_further_education_14_20,sharew7_rel9-0-0_gv_children.dta
ch_further_education_14_21,sharew7_rel9-0-0_gv_children.dta
ch_further_education_14_22,sharew7_rel9-0-0_gv_children.dta
ch_further_education_15_1,sharew7_rel9-0-0_gv_children.dta
ch_further_education_15_2,sharew7_rel9-0-0_gv_children.dta
ch_further_education_15_3,sharew7_rel9-0-0_gv_children.dta
ch_further_education_15_4,sharew7_rel9-0-0_gv_children.dta
ch_further_education_15_5,sharew7_rel9-0-0_gv_children.dta
ch_further_education_15_6,sharew7_rel9-0-0_gv_children.dta
ch_further_education_15_7,sharew7_rel9-0-0_gv_children.dta
ch_further_education_15_8,sharew7_rel9-0-0_gv_children.dta
ch_further_education_15_9,sharew7_rel9-0-0_gv_children.dta
ch_further_education_15_10,sharew7_rel9-0-0_gv_children.dta
ch_further_education_15_11,sharew7_rel9-0-0_gv_children.dta
ch_further_education_15_12,sharew7_rel9-0-0_gv_children.dta
ch_further_education_15_13,sharew7_rel9-0-0_gv_children.dta
ch_further_education_15_14,sharew7_rel9-0-0_gv_children.dta
ch_further_education_15_15,sharew7_rel9-0-0_gv_children.dta
ch_further_education_15_16,sharew7_rel9-0-0_gv_children.dta
ch_further_education_15_17,sharew7_rel9-0-0_gv_children.dta
ch_further_education_15_18,sharew7_rel9-0-0_gv_children.dta
ch_further_education_15_19,sharew7_rel9-0-0_gv_children.dta
ch_further_education_15_20,sharew7_rel9-0-0_gv_children.dta
ch_further_education_15_21,sharew7_rel9-0-0_gv_children.dta
ch_further_education_15_22,sharew7_rel9-0-0_gv_children.dta
ch_further_education_16_1,sharew7_rel9-0-0_gv_children.dta
ch_further_education_16_2,sharew7_rel9-0-0_gv_children.dta
ch_further_education_16_3,sharew7_rel9-0-0_gv_children.dta
ch_further_education_16_4,sharew7_rel9-0-0_gv_children.dta
ch_further_education_16_5,sharew7_rel9-0-0_gv_children.dta
ch_further_education_16_6,sharew7_rel9-0-0_gv_children.dta
ch_further_education_16_7,sharew7_rel9-0-0_gv_children.dta
ch_further_education_16_8,sharew7_rel9-0-0_gv_children.dta
ch_further_education_16_9,sharew7_rel9-0-0_gv_children.dta
ch_further_education_16_10,sharew7_rel9-0-0_gv_children.dta
ch_further_education_16_11,sharew7_rel9-0-0_gv_children.dta
ch_further_education_16_12,sharew7_rel9-0-0_gv_children.dta
ch_further_education_16_13,sharew7_rel9-0-0_gv_children.dta
ch_further_education_16_14,sharew7_rel9-0-0_gv_children.dta
ch_further_education_16_15,sharew7_rel9-0-0_gv_children.dta
ch_further_education_16_16,sharew7_rel9-0-0_gv_children.dta
ch_further_education_16_17,sharew7_rel9-0-0_gv_children.dta
ch_further_education_16_18,sharew7_rel9-0-0_gv_children.dta
ch_further_education_16_19,sharew7_rel9-0-0_gv_children.dta
ch_further_education_16_20,sharew7_rel9-0-0_gv_children.dta
ch_further_education_16_21,sharew7_rel9-0-0_gv_children.dta
ch_further_education_16_22,sharew7_rel9-0-0_gv_children.dta
ch_further_education_17_1,sharew7_rel9-0-0_gv_children.dta
ch_further_education_17_2,sharew7_rel9-0-0_gv_children.dta
ch_further_education_17_3,sharew7_rel9-0-0_gv_children.dta
ch_further_education_17_4,sharew7_rel9-0-0_gv_children.dta
ch_further_education_17_5,sharew7_rel9-0-0_gv_children.dta
ch_further_education_17_6,sharew7_rel9-0-0_gv_children.dta
ch_further_education_17_7,sharew7_rel9-0-0_gv_children.dta
ch_further_education_17_8,sharew7_rel9-0-0_gv_children.dta
ch_further_education_17_9,sharew7_rel9-0-0_gv_children.dta
ch_further_education_17_10,sharew7_rel9-0-0_gv_children.dta
ch_further_education_17_11,sharew7_rel9-0-0_gv_children.dta
ch_further_education_17_12,sharew7_rel9-0-0_gv_children.dta
ch_further_education_17_13,sharew7_rel9-0-0_gv_children.dta
ch_further_education_17_14,sharew7_rel9-0-0_gv_children.dta
ch_further_education_17_15,sharew7_rel9-0-0_gv_children.dta
ch_further_education_17_16,sharew7_rel9-0-0_gv_children.dta
ch_further_education_17_17,sharew7_rel9-0-0_gv_children.dta
ch_further_education_17_18,sharew7_rel9-0-0_gv_children.dta
ch_further_education_17_19,sharew7_rel9-0-0_gv_children.dta
ch_further_education_17_20,sharew7_rel9-0-0_gv_children.dta
ch_further_education_17_21,sharew7_rel9-0-0_gv_children.dta
ch_further_education_17_22,sharew7_rel9-0-0_gv_children.dta
ch_further_education_18_1,sharew7_rel9-0-0_gv_children.dta
ch_further_education_18_2,sharew7_rel9-0-0_gv_children.dta
ch_further_education_18_3,sharew7_rel9-0-0_gv_children.dta
ch_further_education_18_4,sharew7_rel9-0-0_gv_children.dta
ch_further_education_18_5,sharew7_rel9-0-0_gv_children.dta
ch_further_education_18_6,sharew7_rel9-0-0_gv_children.dta
ch_further_education_18_7,sharew7_rel9-0-0_gv_children.dta
ch_further_education_18_8,sharew7_rel9-0-0_gv_children.dta
ch_further_education_18_9,sharew7_rel9-0-0_gv_children.dta
ch_further_education_18_10,sharew7_rel9-0-0_gv_children.dta
ch_further_education_18_11,sharew7_rel9-0-0_gv_children.dta
ch_further_education_18_12,sharew7_rel9-0-0_gv_children.dta
ch_further_education_18_13,sharew7_rel9-0-0_gv_children.dta
ch_further_education_18_14,sharew7_rel9-0-0_gv_children.dta
ch_further_education_18_15,sharew7_rel9-0-0_gv_children.dta
ch_further_education_18_16,sharew7_rel9-0-0_gv_children.dta
ch_further_education_18_17,sharew7_rel9-0-0_gv_children.dta
ch_further_education_18_18,sharew7_rel9-0-0_gv_children.dta
ch_further_education_18_19,sharew7_rel9-0-0_gv_children.dta
ch_further_education_18_20,sharew7_rel9-0-0_gv_children.dta
ch_further_education_18_21,sharew7_rel9-0-0_gv_children.dta
ch_further_education_18_22,sharew7_rel9-0-0_gv_children.dta
ch_further_education_19_1,sharew7_rel9-0-0_gv_children.dta
ch_further_education_19_2,sharew7_rel9-0-0_gv_children.dta
ch_further_education_19_3,sharew7_rel9-0-0_gv_children.dta
ch_further_education_19_4,sharew7_rel9-0-0_gv_children.dta
ch_further_education_19_5,sharew7_rel9-0-0_gv_children.dta
ch_further_education_19_6,sharew7_rel9-0-0_gv_children.dta
ch_further_education_19_7,sharew7_rel9-0-0_gv_children.dta
ch_further_education_19_8,sharew7_rel9-0-0_gv_children.dta
ch_further_education_19_9,sharew7_rel9-0-0_gv_children.dta
ch_further_education_19_10,sharew7_rel9-0-0_gv_children.dta
ch_further_education_19_11,sharew7_rel9-0-0_gv_children.dta
ch_further_education_19_12,sharew7_rel9-0-0_gv_children.dta
ch_further_education_19_13,sharew7_rel9-0-0_gv_children.dta
ch_further_education_19_14,sharew7_rel9-0-0_gv_children.dta
ch_further_education_19_15,sharew7_rel9-0-0_gv_children.dta
ch_further_education_19_16,sharew7_rel9-0-0_gv_children.dta
ch_further_education_19_17,sharew7_rel9-0-0_gv_children.dta
ch_further_education_19_18,sharew7_rel9-0-0_gv_children.dta
ch_further_education_19_19,sharew7_rel9-0-0_gv_children.dta
ch_further_education_19_20,sharew7_rel9-0-0_gv_children.dta
ch_further_education_19_21,sharew7_rel9-0-0_gv_children.dta
ch_further_education_19_22,sharew7_rel9-0-0_gv_children.dta
ch_further_education_20_1,sharew7_rel9-0-0_gv_children.dta
ch_further_education_20_2,sharew7_rel9-0-0_gv_children.dta
ch_further_education_20_3,sharew7_rel9-0-0_gv_children.dta
ch_further_education_20_4,sharew7_rel9-0-0_gv_children.dta
ch_further_education_20_5,sharew7_rel9-0-0_gv_children.dta
ch_further_education_20_6,sharew7_rel9-0-0_gv_children.dta
ch_further_education_20_7,sharew7_rel9-0-0_gv_children.dta
ch_further_education_20_8,sharew7_rel9-0-0_gv_children.dta
ch_further_education_20_9,sharew7_rel9-0-0_gv_children.dta
ch_further_education_20_10,sharew7_rel9-0-0_gv_children.dta
ch_further_education_20_11,sharew7_rel9-0-0_gv_children.dta
ch_further_education_20_12,sharew7_rel9-0-0_gv_children.dta
ch_further_education_20_13,sharew7_rel9-0-0_gv_children.dta
ch_further_education_20_14,sharew7_rel9-0-0_gv_children.dta
ch_further_education_20_15,sharew7_rel9-0-0_gv_children.dta
ch_further_education_20_16,sharew7_rel9-0-0_gv_children.dta
ch_further_education_20_17,sharew7_rel9-0-0_gv_children.dta
ch_further_education_20_18,sharew7_rel9-0-0_gv_children.dta
ch_further_education_20_19,sharew7_rel9-0-0_gv_children.dta
ch_further_education_20_20,sharew7_rel9-0-0_gv_children.dta
ch_further_education_20_21,sharew7_rel9-0-0_gv_children.dta
ch_further_education_20_22,sharew7_rel9-0-0_gv_children.dta
child_dead_1,sharew7_rel9-0-0_gv_children.dta
child_dead_2,sharew7_rel9-0-0_gv_children.dta
child_dead_3,sharew7_rel9-0-0_gv_children.dta
child_dead_4,sharew7_rel9-0-0_gv_children.dta
child_dead_5,sharew7_rel9-0-0_gv_children.dta
child_dead_6,sharew7_rel9-0-0_gv_children.dta
child_dead_7,sharew7_rel9-0-0_gv_children.dta
child_dead_8,sharew7_rel9-0-0_gv_children.dta
child_dead_9,sharew7_rel9-0-0_gv_children.dta
child_dead_10,sharew7_rel9-0-0_gv_children.dta
child_dead_11,sharew7_rel9-0-0_gv_children.dta
child_dead_12,sharew7_rel9-0-0_gv_children.dta
child_dead_13,sharew7_rel9-0-0_gv_children.dta
child_dead_14,sharew7_rel9-0-0_gv_children.dta
child_dead_15,sharew7_rel9-0-0_gv_children.dta
child_dead_16,sharew7_rel9-0-0_gv_children.dta
child_dead_17,sharew7_rel9-0-0_gv_children.dta
child_dead_18,sharew7_rel9-0-0_gv_children.dta
child_dead_19,sharew7_rel9-0-0_gv_children.dta
child_dead_20,sharew7_rel9-0-0_gv_children.dta
mergeid,sharew7_rel9-0-0_gv_housing.dta
hhid7,sharew7_rel9-0-0_gv_housing.dta
mergeidp7,sharew7_rel9-0-0_gv_housing.dta
coupleid7,sharew7_rel9-0-0_gv_housing.dta
country,sharew7_rel9-0-0_gv_housing.dta
language,sharew7_rel9-0-0_gv_housing.dta
areabldgi,sharew7_rel9-0-0_gv_housing.dta
typebldgi6,sharew7_rel9-0-0_gv_housing.dta
nstepsi,sharew7_rel9-0-0_gv_housing.dta
nuts1_2013,sharew7_rel9-0-0_gv_housing.dta
country,sharew7_rel9-0-0_gv_exrates.dta
euro,sharew7_rel9-0-0_gv_exrates.dta
currency,sharew7_rel9-0-0_gv_exrates.dta
exrate_w1,sharew7_rel9-0-0_gv_exrates.dta
exrate_w2,sharew7_rel9-0-0_gv_exrates.dta
exrate_w3,sharew7_rel9-0-0_gv_exrates.dta
exrate_w4,sharew7_rel9-0-0_gv_exrates.dta
exrate_w5,sharew7_rel9-0-0_gv_exrates.dta
exrate_w6,sharew7_rel9-0-0_gv_exrates.dta
exrate_w7,sharew7_rel9-0-0_gv_exrates.dta
exrate_w8,sharew7_rel9-0-0_gv_exrates.dta
exrate_w8ca,sharew7_rel9-0-0_gv_exrates.dta
exrate_w9ca,sharew7_rel9-0-0_gv_exrates.dta
exrate_w9,sharew7_rel9-0-0_gv_exrates.dta
nomx2003,sharew7_rel9-0-0_gv_exrates.dta
nomx2004,sharew7_rel9-0-0_gv_exrates.dta
nomx2005,sharew7_rel9-0-0_gv_exrates.dta
nomx2006,sharew7_rel9-0-0_gv_exrates.dta
nomx2007,sharew7_rel9-0-0_gv_exrates.dta
nomx2008,sharew7_rel9-0-0_gv_exrates.dta
nomx2009,sharew7_rel9-0-0_gv_exrates.dta
nomx2010,sharew7_rel9-0-0_gv_exrates.dta
nomx2011,sharew7_rel9-0-0_gv_exrates.dta
nomx2012,sharew7_rel9-0-0_gv_exrates.dta
nomx2013,sharew7_rel9-0-0_gv_exrates.dta
nomx2014,sharew7_rel9-0-0_gv_exrates.dta
nomx2015,sharew7_rel9-0-0_gv_exrates.dta
nomx2016,sharew7_rel9-0-0_gv_exrates.dta
nomx2017,sharew7_rel9-0-0_gv_exrates.dta
nomx2018,sharew7_rel9-0-0_gv_exrates.dta
nomx2019,sharew7_rel9-0-0_gv_exrates.dta
nomx2020,sharew7_rel9-0-0_gv_exrates.dta
nomx2021,sharew7_rel9-0-0_gv_exrates.dta
nomx2022,sharew7_rel9-0-0_gv_exrates.dta
pppc2003,sharew7_rel9-0-0_gv_exrates.dta
pppc2004,sharew7_rel9-0-0_gv_exrates.dta
pppc2005,sharew7_rel9-0-0_gv_exrates.dta
pppc2006,sharew7_rel9-0-0_gv_exrates.dta
pppc2007,sharew7_rel9-0-0_gv_exrates.dta
pppc2008,sharew7_rel9-0-0_gv_exrates.dta
pppc2009,sharew7_rel9-0-0_gv_exrates.dta
pppc2010,sharew7_rel9-0-0_gv_exrates.dta
pppc2011,sharew7_rel9-0-0_gv_exrates.dta
pppc2012,sharew7_rel9-0-0_gv_exrates.dta
pppc2013,sharew7_rel9-0-0_gv_exrates.dta
pppc2014,sharew7_rel9-0-0_gv_exrates.dta
pppc2015,sharew7_rel9-0-0_gv_exrates.dta
pppc2016,sharew7_rel9-0-0_gv_exrates.dta
pppc2017,sharew7_rel9-0-0_gv_exrates.dta
pppc2018,sharew7_rel9-0-0_gv_exrates.dta
pppc2019,sharew7_rel9-0-0_gv_exrates.dta
pppc2020,sharew7_rel9-0-0_gv_exrates.dta
pppc2021,sharew7_rel9-0-0_gv_exrates.dta
pppc2022,sharew7_rel9-0-0_gv_exrates.dta
pppk2003,sharew7_rel9-0-0_gv_exrates.dta
pppk2004,sharew7_rel9-0-0_gv_exrates.dta
pppk2005,sharew7_rel9-0-0_gv_exrates.dta
pppk2006,sharew7_rel9-0-0_gv_exrates.dta
pppk2007,sharew7_rel9-0-0_gv_exrates.dta
pppk2008,sharew7_rel9-0-0_gv_exrates.dta
pppk2009,sharew7_rel9-0-0_gv_exrates.dta
pppk2010,sharew7_rel9-0-0_gv_exrates.dta
pppk2011,sharew7_rel9-0-0_gv_exrates.dta
pppk2012,sharew7_rel9-0-0_gv_exrates.dta
pppk2013,sharew7_rel9-0-0_gv_exrates.dta
pppk2014,sharew7_rel9-0-0_gv_exrates.dta
pppk2015,sharew7_rel9-0-0_gv_exrates.dta
pppk2016,sharew7_rel9-0-0_gv_exrates.dta
pppk2017,sharew7_rel9-0-0_gv_exrates.dta
pppk2018,sharew7_rel9-0-0_gv_exrates.dta
pppk2019,sharew7_rel9-0-0_gv_exrates.dta
pppk2020,sharew7_rel9-0-0_gv_exrates.dta
pppk2021,sharew7_rel9-0-0_gv_exrates.dta
pppk2022,sharew7_rel9-0-0_gv_exrates.dta
currency_pre,sharew7_rel9-0-0_gv_exrates.dta
exrate_pre,sharew7_rel9-0-0_gv_exrates.dta
mergeid,sharew7_rel9-0-0_gv_health.dta
hhid7,sharew7_rel9-0-0_gv_health.dta
mergeidp7,sharew7_rel9-0-0_gv_health.dta
coupleid7,sharew7_rel9-0-0_gv_health.dta
country,sharew7_rel9-0-0_gv_health.dta
language,sharew7_rel9-0-0_gv_health.dta
adl,sharew7_rel9-0-0_gv_health.dta
adl2,sharew7_rel9-0-0_gv_health.dta
bmi,sharew7_rel9-0-0_gv_health.dta
bmi2,sharew7_rel9-0-0_gv_health.dta
casp,sharew7_rel9-0-0_gv_health.dta
cf008tot,sharew7_rel9-0-0_gv_health.dta
cf016tot,sharew7_rel9-0-0_gv_health.dta
chronic2w7,sharew7_rel9-0-0_gv_health.dta
chronicw7,sharew7_rel9-0-0_gv_health.dta
euro1,sharew7_rel9-0-0_gv_health.dta
euro2,sharew7_rel9-0-0_gv_health.dta
euro3,sharew7_rel9-0-0_gv_health.dta
euro4,sharew7_rel9-0-0_gv_health.dta
euro5,sharew7_rel9-0-0_gv_health.dta
euro6,sharew7_rel9-0-0_gv_health.dta
euro7,sharew7_rel9-0-0_gv_health.dta
euro8,sharew7_rel9-0-0_gv_health.dta
euro9,sharew7_rel9-0-0_gv_health.dta
euro10,sharew7_rel9-0-0_gv_health.dta
euro11,sharew7_rel9-0-0_gv_health.dta
euro12,sharew7_rel9-0-0_gv_health.dta
eurod,sharew7_rel9-0-0_gv_health.dta
eurodcat,sharew7_rel9-0-0_gv_health.dta
gali,sharew7_rel9-0-0_gv_health.dta
iadl,sharew7_rel9-0-0_gv_health.dta
iadl2,sharew7_rel9-0-0_gv_health.dta
loneliness,sharew7_rel9-0-0_gv_health.dta
maxgrip,sharew7_rel9-0-0_gv_health.dta
mobilit2,sharew7_rel9-0-0_gv_health.dta
mobilit3,sharew7_rel9-0-0_gv_health.dta
mobility,sharew7_rel9-0-0_gv_health.dta
numeracy,sharew7_rel9-0-0_gv_health.dta
numeracy2,sharew7_rel9-0-0_gv_health.dta
orienti,sharew7_rel9-0-0_gv_health.dta
phactiv,sharew7_rel9-0-0_gv_health.dta
sphus,sharew7_rel9-0-0_gv_health.dta
sphus2,sharew7_rel9-0-0_gv_health.dta
mergeid,sharew7_rel9-0-0_gv_imputations.dta
hhid7,sharew7_rel9-0-0_gv_imputations.dta
mergeidp7,sharew7_rel9-0-0_gv_imputations.dta
coupleid7,sharew7_rel9-0-0_gv_imputations.dta
country,sharew7_rel9-0-0_gv_imputations.dta
language,sharew7_rel9-0-0_gv_imputations.dta
implicat,sharew7_rel9-0-0_gv_imputations.dta
htype,sharew7_rel9-0-0_gv_imputations.dta
SHARELIFE,sharew7_rel9-0-0_gv_imputations.dta
H_SHARELIFE,sharew7_rel9-0-0_gv_imputations.dta
Sample_SH1,sharew7_rel9-0-0_gv_imputations.dta
Sample_SH2,sharew7_rel9-0-0_gv_imputations.dta
Sample_RE1,sharew7_rel9-0-0_gv_imputations.dta
Sample_RE2,sharew7_rel9-0-0_gv_imputations.dta
fam_resp,sharew7_rel9-0-0_gv_imputations.dta
fin_resp,sharew7_rel9-0-0_gv_imputations.dta
hou_resp,sharew7_rel9-0-0_gv_imputations.dta
exrate,sharew7_rel9-0-0_gv_imputations.dta
couple,sharew7_rel9-0-0_gv_imputations.dta
nursinghome,sharew7_rel9-0-0_gv_imputations.dta
perho,sharew7_rel9-0-0_gv_imputations.dta
otrf,sharew7_rel9-0-0_gv_imputations.dta
single,sharew7_rel9-0-0_gv_imputations.dta
partner,sharew7_rel9-0-0_gv_imputations.dta
p_nrp,sharew7_rel9-0-0_gv_imputations.dta
inpat7,sharew7_rel9-0-0_gv_imputations.dta
outpa7,sharew7_rel9-0-0_gv_imputations.dta
drugs7,sharew7_rel9-0-0_gv_imputations.dta
nurs7,sharew7_rel9-0-0_gv_imputations.dta
aapt7,sharew7_rel9-0-0_gv_imputations.dta
ydip,sharew7_rel9-0-0_gv_imputations.dta
yind,sharew7_rel9-0-0_gv_imputations.dta
ypen1,sharew7_rel9-0-0_gv_imputations.dta
ypen2,sharew7_rel9-0-0_gv_imputations.dta
ypen3,sharew7_rel9-0-0_gv_imputations.dta
ypen4,sharew7_rel9-0-0_gv_imputations.dta
ypen5,sharew7_rel9-0-0_gv_imputations.dta
ypen6,sharew7_rel9-0-0_gv_imputations.dta
ylsp1,sharew7_rel9-0-0_gv_imputations.dta
ylsp2,sharew7_rel9-0-0_gv_imputations.dta
ylsp3,sharew7_rel9-0-0_gv_imputations.dta
ylsp4,sharew7_rel9-0-0_gv_imputations.dta
ylsp5,sharew7_rel9-0-0_gv_imputations.dta
ylsp6,sharew7_rel9-0-0_gv_imputations.dta
yreg1,sharew7_rel9-0-0_gv_imputations.dta
yreg2,sharew7_rel9-0-0_gv_imputations.dta
ylsr1,sharew7_rel9-0-0_gv_imputations.dta
ylsr2,sharew7_rel9-0-0_gv_imputations.dta
home,sharew7_rel9-0-0_gv_imputations.dta
mort,sharew7_rel9-0-0_gv_imputations.dta
rhre,sharew7_rel9-0-0_gv_imputations.dta
ores,sharew7_rel9-0-0_gv_imputations.dta
ysrent,sharew7_rel9-0-0_gv_imputations.dta
yaohm,sharew7_rel9-0-0_gv_imputations.dta
fahc,sharew7_rel9-0-0_gv_imputations.dta
fohc,sharew7_rel9-0-0_gv_imputations.dta
hprf,sharew7_rel9-0-0_gv_imputations.dta
hmem,sharew7_rel9-0-0_gv_imputations.dta
bacc,sharew7_rel9-0-0_gv_imputations.dta
bsmf,sharew7_rel9-0-0_gv_imputations.dta
ybabsmf,sharew7_rel9-0-0_gv_imputations.dta
slti,sharew7_rel9-0-0_gv_imputations.dta
vbus,sharew7_rel9-0-0_gv_imputations.dta
sbus,sharew7_rel9-0-0_gv_imputations.dta
car,sharew7_rel9-0-0_gv_imputations.dta
liab,sharew7_rel9-0-0_gv_imputations.dta
thinc2,sharew7_rel9-0-0_gv_imputations.dta
thinc,sharew7_rel9-0-0_gv_imputations.dta
thexp,sharew7_rel9-0-0_gv_imputations.dta
hnetw,sharew7_rel9-0-0_gv_imputations.dta
yincnrp,sharew7_rel9-0-0_gv_imputations.dta
hrass,sharew7_rel9-0-0_gv_imputations.dta
hgfass,sharew7_rel9-0-0_gv_imputations.dta
hnfass,sharew7_rel9-0-0_gv_imputations.dta
gender,sharew7_rel9-0-0_gv_imputations.dta
age,sharew7_rel9-0-0_gv_imputations.dta
age_p,sharew7_rel9-0-0_gv_imputations.dta
yedu,sharew7_rel9-0-0_gv_imputations.dta
yedu_p,sharew7_rel9-0-0_gv_imputations.dta
isced,sharew7_rel9-0-0_gv_imputations.dta
sphus,sharew7_rel9-0-0_gv_imputations.dta
mstat,sharew7_rel9-0-0_gv_imputations.dta
nchild,sharew7_rel9-0-0_gv_imputations.dta
ngrchild,sharew7_rel9-0-0_gv_imputations.dta
gali,sharew7_rel9-0-0_gv_imputations.dta
chronic,sharew7_rel9-0-0_gv_imputations.dta
eyesightr,sharew7_rel9-0-0_gv_imputations.dta
hearing,sharew7_rel9-0-0_gv_imputations.dta
bmi,sharew7_rel9-0-0_gv_imputations.dta
weight,sharew7_rel9-0-0_gv_imputations.dta
height,sharew7_rel9-0-0_gv_imputations.dta
mobility,sharew7_rel9-0-0_gv_imputations.dta
adl,sharew7_rel9-0-0_gv_imputations.dta
iadl,sharew7_rel9-0-0_gv_imputations.dta
esmoked,sharew7_rel9-0-0_gv_imputations.dta
phinact,sharew7_rel9-0-0_gv_imputations.dta
dairyp,sharew7_rel9-0-0_gv_imputations.dta
legeggs,sharew7_rel9-0-0_gv_imputations.dta
meat,sharew7_rel9-0-0_gv_imputations.dta
fruit,sharew7_rel9-0-0_gv_imputations.dta
reading,sharew7_rel9-0-0_gv_imputations.dta
writing,sharew7_rel9-0-0_gv_imputations.dta
orienti,sharew7_rel9-0-0_gv_imputations.dta
wllft,sharew7_rel9-0-0_gv_imputations.dta
wllst,sharew7_rel9-0-0_gv_imputations.dta
fluency,sharew7_rel9-0-0_gv_imputations.dta
numeracy,sharew7_rel9-0-0_gv_imputations.dta
numeracy2,sharew7_rel9-0-0_gv_imputations.dta
memory,sharew7_rel9-0-0_gv_imputations.dta
maxgrip,sharew7_rel9-0-0_gv_imputations.dta
eurod,sharew7_rel9-0-0_gv_imputations.dta
doctor,sharew7_rel9-0-0_gv_imputations.dta
hospital,sharew7_rel9-0-0_gv_imputations.dta
thospital,sharew7_rel9-0-0_gv_imputations.dta
nhospital,sharew7_rel9-0-0_gv_imputations.dta
cjs,sharew7_rel9-0-0_gv_imputations.dta
pwork,sharew7_rel9-0-0_gv_imputations.dta
empstat,sharew7_rel9-0-0_gv_imputations.dta
lookjob,sharew7_rel9-0-0_gv_imputations.dta
internet,sharew7_rel9-0-0_gv_imputations.dta
pcskill,sharew7_rel9-0-0_gv_imputations.dta
cjobpc,sharew7_rel9-0-0_gv_imputations.dta
ljobpc,sharew7_rel9-0-0_gv_imputations.dta
rhfo,sharew7_rel9-0-0_gv_imputations.dta
ghto,sharew7_rel9-0-0_gv_imputations.dta
ghih,sharew7_rel9-0-0_gv_imputations.dta
rhih,sharew7_rel9-0-0_gv_imputations.dta
gfg,sharew7_rel9-0-0_gv_imputations.dta
rfg,sharew7_rel9-0-0_gv_imputations.dta
rggp,sharew7_rel9-0-0_gv_imputations.dta
gggp,sharew7_rel9-0-0_gv_imputations.dta
fdistress,sharew7_rel9-0-0_gv_imputations.dta
naly,sharew7_rel9-0-0_gv_imputations.dta
saly,sharew7_rel9-0-0_gv_imputations.dta
lifesat,sharew7_rel9-0-0_gv_imputations.dta
lifehap,sharew7_rel9-0-0_gv_imputations.dta
lifex,sharew7_rel9-0-0_gv_imputations.dta
politics,sharew7_rel9-0-0_gv_imputations.dta
bfi10_extra,sharew7_rel9-0-0_gv_imputations.dta
bfi10_agree,sharew7_rel9-0-0_gv_imputations.dta
bfi10_consc,sharew7_rel9-0-0_gv_imputations.dta
bfi10_neuro,sharew7_rel9-0-0_gv_imputations.dta
bfi10_open,sharew7_rel9-0-0_gv_imputations.dta
tppdi,sharew7_rel9-0-0_gv_imputations.dta
willans,sharew7_rel9-0-0_gv_imputations.dta
clarif,sharew7_rel9-0-0_gv_imputations.dta
undersq,sharew7_rel9-0-0_gv_imputations.dta
hnrsc,sharew7_rel9-0-0_gv_imputations.dta
inpat7_f,sharew7_rel9-0-0_gv_imputations.dta
outpa7_f,sharew7_rel9-0-0_gv_imputations.dta
drugs7_f,sharew7_rel9-0-0_gv_imputations.dta
nurs7_f,sharew7_rel9-0-0_gv_imputations.dta
aapt7_f,sharew7_rel9-0-0_gv_imputations.dta
ydip_f,sharew7_rel9-0-0_gv_imputations.dta
yind_f,sharew7_rel9-0-0_gv_imputations.dta
ypen1_f,sharew7_rel9-0-0_gv_imputations.dta
ypen2_f,sharew7_rel9-0-0_gv_imputations.dta
ypen3_f,sharew7_rel9-0-0_gv_imputations.dta
ypen4_f,sharew7_rel9-0-0_gv_imputations.dta
ypen5_f,sharew7_rel9-0-0_gv_imputations.dta
ypen6_f,sharew7_rel9-0-0_gv_imputations.dta
ylsp1_f,sharew7_rel9-0-0_gv_imputations.dta
ylsp2_f,sharew7_rel9-0-0_gv_imputations.dta
ylsp3_f,sharew7_rel9-0-0_gv_imputations.dta
ylsp4_f,sharew7_rel9-0-0_gv_imputations.dta
ylsp5_f,sharew7_rel9-0-0_gv_imputations.dta
ylsp6_f,sharew7_rel9-0-0_gv_imputations.dta
yreg1_f,sharew7_rel9-0-0_gv_imputations.dta
yreg2_f,sharew7_rel9-0-0_gv_imputations.dta
ylsr1_f,sharew7_rel9-0-0_gv_imputations.dta
ylsr2_f,sharew7_rel9-0-0_gv_imputations.dta
home_f,sharew7_rel9-0-0_gv_imputations.dta
mort_f,sharew7_rel9-0-0_gv_imputations.dta
rhre_f,sharew7_rel9-0-0_gv_imputations.dta
ores_f,sharew7_rel9-0-0_gv_imputations.dta
ysrent_f,sharew7_rel9-0-0_gv_imputations.dta
yaohm_f,sharew7_rel9-0-0_gv_imputations.dta
fahc_f,sharew7_rel9-0-0_gv_imputations.dta
fohc_f,sharew7_rel9-0-0_gv_imputations.dta
hprf_f,sharew7_rel9-0-0_gv_imputations.dta
hmem_f,sharew7_rel9-0-0_gv_imputations.dta
bacc_f,sharew7_rel9-0-0_gv_imputations.dta
bsmf_f,sharew7_rel9-0-0_gv_imputations.dta
ybabsmf_f,sharew7_rel9-0-0_gv_imputations.dta
slti_f,sharew7_rel9-0-0_gv_imputations.dta
vbus_f,sharew7_rel9-0-0_gv_imputations.dta
sbus_f,sharew7_rel9-0-0_gv_imputations.dta
car_f,sharew7_rel9-0-0_gv_imputations.dta
liab_f,sharew7_rel9-0-0_gv_imputations.dta
thinc2_f,sharew7_rel9-0-0_gv_imputations.dta
thinc_f,sharew7_rel9-0-0_gv_imputations.dta
yincnrp_f,sharew7_rel9-0-0_gv_imputations.dta
thexp_f,sharew7_rel9-0-0_gv_imputations.dta
hrass_f,sharew7_rel9-0-0_gv_imputations.dta
hgfass_f,sharew7_rel9-0-0_gv_imputations.dta
hnfass_f,sharew7_rel9-0-0_gv_imputations.dta
hnetw_f,sharew7_rel9-0-0_gv_imputations.dta
gender_f,sharew7_rel9-0-0_gv_imputations.dta
age_f,sharew7_rel9-0-0_gv_imputations.dta
age_p_f,sharew7_rel9-0-0_gv_imputations.dta
yedu_f,sharew7_rel9-0-0_gv_imputations.dta
yedu_p_f,sharew7_rel9-0-0_gv_imputations.dta
isced_f,sharew7_rel9-0-0_gv_imputations.dta
sphus_f,sharew7_rel9-0-0_gv_imputations.dta
mstat_f,sharew7_rel9-0-0_gv_imputations.dta
nchild_f,sharew7_rel9-0-0_gv_imputations.dta
ngrchild_f,sharew7_rel9-0-0_gv_imputations.dta
gali_f,sharew7_rel9-0-0_gv_imputations.dta
chronic_f,sharew7_rel9-0-0_gv_imputations.dta
eyesightr_f,sharew7_rel9-0-0_gv_imputations.dta
hearing_f,sharew7_rel9-0-0_gv_imputations.dta
bmi_f,sharew7_rel9-0-0_gv_imputations.dta
weight_f,sharew7_rel9-0-0_gv_imputations.dta
height_f,sharew7_rel9-0-0_gv_imputations.dta
mobility_f,sharew7_rel9-0-0_gv_imputations.dta
adl_f,sharew7_rel9-0-0_gv_imputations.dta
iadl_f,sharew7_rel9-0-0_gv_imputations.dta
esmoked_f,sharew7_rel9-0-0_gv_imputations.dta
phinact_f,sharew7_rel9-0-0_gv_imputations.dta
dairyp_f,sharew7_rel9-0-0_gv_imputations.dta
legeggs_f,sharew7_rel9-0-0_gv_imputations.dta
meat_f,sharew7_rel9-0-0_gv_imputations.dta
fruit_f,sharew7_rel9-0-0_gv_imputations.dta
reading_f,sharew7_rel9-0-0_gv_imputations.dta
writing_f,sharew7_rel9-0-0_gv_imputations.dta
orienti_f,sharew7_rel9-0-0_gv_imputations.dta
wllft_f,sharew7_rel9-0-0_gv_imputations.dta
wllst_f,sharew7_rel9-0-0_gv_imputations.dta
fluency_f,sharew7_rel9-0-0_gv_imputations.dta
numeracy_f,sharew7_rel9-0-0_gv_imputations.dta
numeracy2_f,sharew7_rel9-0-0_gv_imputations.dta
memory_f,sharew7_rel9-0-0_gv_imputations.dta
maxgrip_f,sharew7_rel9-0-0_gv_imputations.dta
eurod_f,sharew7_rel9-0-0_gv_imputations.dta
doctor_f,sharew7_rel9-0-0_gv_imputations.dta
hospital_f,sharew7_rel9-0-0_gv_imputations.dta
thospital_f,sharew7_rel9-0-0_gv_imputations.dta
nhospital_f,sharew7_rel9-0-0_gv_imputations.dta
cjs_f,sharew7_rel9-0-0_gv_imputations.dta
pwork_f,sharew7_rel9-0-0_gv_imputations.dta
empstat_f,sharew7_rel9-0-0_gv_imputations.dta
lookjob_f,sharew7_rel9-0-0_gv_imputations.dta
internet_f,sharew7_rel9-0-0_gv_imputations.dta
pcskill_f,sharew7_rel9-0-0_gv_imputations.dta
cjobpc_f,sharew7_rel9-0-0_gv_imputations.dta
ljobpc_f,sharew7_rel9-0-0_gv_imputations.dta
rhfo_f,sharew7_rel9-0-0_gv_imputations.dta
ghto_f,sharew7_rel9-0-0_gv_imputations.dta
ghih_f,sharew7_rel9-0-0_gv_imputations.dta
rhih_f,sharew7_rel9-0-0_gv_imputations.dta
gfg_f,sharew7_rel9-0-0_gv_imputations.dta
rfg_f,sharew7_rel9-0-0_gv_imputations.dta
rggp_f,sharew7_rel9-0-0_gv_imputations.dta
gggp_f,sharew7_rel9-0-0_gv_imputations.dta
otrf_f,sharew7_rel9-0-0_gv_imputations.dta
perho_f,sharew7_rel9-0-0_gv_imputations.dta
fdistress_f,sharew7_rel9-0-0_gv_imputations.dta
naly_f,sharew7_rel9-0-0_gv_imputations.dta
saly_f,sharew7_rel9-0-0_gv_imputations.dta
lifesat_f,sharew7_rel9-0-0_gv_imputations.dta
lifehap_f,sharew7_rel9-0-0_gv_imputations.dta
lifex_f,sharew7_rel9-0-0_gv_imputations.dta
politics_f,sharew7_rel9-0-0_gv_imputations.dta
bfi10_extra_f,sharew7_rel9-0-0_gv_imputations.dta
bfi10_agree_f,sharew7_rel9-0-0_gv_imputations.dta
bfi10_consc_f,sharew7_rel9-0-0_gv_imputations.dta
bfi10_neuro_f,sharew7_rel9-0-0_gv_imputations.dta
bfi10_open_f,sharew7_rel9-0-0_gv_imputations.dta
tppdi_f,sharew7_rel9-0-0_gv_imputations.dta
willans_f,sharew7_rel9-0-0_gv_imputations.dta
clarif_f,sharew7_rel9-0-0_gv_imputations.dta
undersq_f,sharew7_rel9-0-0_gv_imputations.dta
hnrsc_f,sharew7_rel9-0-0_gv_imputations.dta
currency,sharew7_rel9-0-0_gv_imputations.dta
nomx2016,sharew7_rel9-0-0_gv_imputations.dta
nomx2017,sharew7_rel9-0-0_gv_imputations.dta
pppc2016,sharew7_rel9-0-0_gv_imputations.dta
pppc2017,sharew7_rel9-0-0_gv_imputations.dta
pppk2016,sharew7_rel9-0-0_gv_imputations.dta
pppk2017,sharew7_rel9-0-0_gv_imputations.dta
mergeid,sharew7_rel9-0-0_gv_isced.dta
hhid7,sharew7_rel9-0-0_gv_isced.dta
mergeidp7,sharew7_rel9-0-0_gv_isced.dta
coupleid7,sharew7_rel9-0-0_gv_isced.dta
country,sharew7_rel9-0-0_gv_isced.dta
language,sharew7_rel9-0-0_gv_isced.dta
isced1997_r,sharew7_rel9-0-0_gv_isced.dta
isced1997_sp,sharew7_rel9-0-0_gv_isced.dta
isced1997_m,sharew7_rel9-0-0_gv_isced.dta
isced1997_f,sharew7_rel9-0-0_gv_isced.dta
isced1997_c1,sharew7_rel9-0-0_gv_isced.dta
isced1997_c2,sharew7_rel9-0-0_gv_isced.dta
isced1997_c3,sharew7_rel9-0-0_gv_isced.dta
isced1997_c4,sharew7_rel9-0-0_gv_isced.dta
isced1997_c5,sharew7_rel9-0-0_gv_isced.dta
isced1997_c6,sharew7_rel9-0-0_gv_isced.dta
isced1997_c7,sharew7_rel9-0-0_gv_isced.dta
isced1997_c8,sharew7_rel9-0-0_gv_isced.dta
isced1997_c9,sharew7_rel9-0-0_gv_isced.dta
isced1997_c10,sharew7_rel9-0-0_gv_isced.dta
isced1997_c11,sharew7_rel9-0-0_gv_isced.dta
isced1997_c12,sharew7_rel9-0-0_gv_isced.dta
isced1997_c13,sharew7_rel9-0-0_gv_isced.dta
isced1997_c14,sharew7_rel9-0-0_gv_isced.dta
isced1997_c15,sharew7_rel9-0-0_gv_isced.dta
isced1997_c16,sharew7_rel9-0-0_gv_isced.dta
isced1997_c17,sharew7_rel9-0-0_gv_isced.dta
isced1997_c18,sharew7_rel9-0-0_gv_isced.dta
isced1997_c19,sharew7_rel9-0-0_gv_isced.dta
isced1997_c20,sharew7_rel9-0-0_gv_isced.dta
isced2011_r,sharew7_rel9-0-0_gv_isced.dta
isced2011_sp,sharew7_rel9-0-0_gv_isced.dta
isced2011_m,sharew7_rel9-0-0_gv_isced.dta
isced2011_f,sharew7_rel9-0-0_gv_isced.dta
isced2011_c1,sharew7_rel9-0-0_gv_isced.dta
isced2011_c2,sharew7_rel9-0-0_gv_isced.dta
isced2011_c3,sharew7_rel9-0-0_gv_isced.dta
isced2011_c4,sharew7_rel9-0-0_gv_isced.dta
isced2011_c5,sharew7_rel9-0-0_gv_isced.dta
isced2011_c6,sharew7_rel9-0-0_gv_isced.dta
isced2011_c7,sharew7_rel9-0-0_gv_isced.dta
isced2011_c8,sharew7_rel9-0-0_gv_isced.dta
isced2011_c9,sharew7_rel9-0-0_gv_isced.dta
isced2011_c10,sharew7_rel9-0-0_gv_isced.dta
isced2011_c11,sharew7_rel9-0-0_gv_isced.dta
isced2011_c12,sharew7_rel9-0-0_gv_isced.dta
isced2011_c13,sharew7_rel9-0-0_gv_isced.dta
isced2011_c14,sharew7_rel9-0-0_gv_isced.dta
isced2011_c15,sharew7_rel9-0-0_gv_isced.dta
isced2011_c16,sharew7_rel9-0-0_gv_isced.dta
isced2011_c17,sharew7_rel9-0-0_gv_isced.dta
isced2011_c18,sharew7_rel9-0-0_gv_isced.dta
isced2011_c19,sharew7_rel9-0-0_gv_isced.dta
isced2011_c20,sharew7_rel9-0-0_gv_isced.dta
mergeid,sharew7_rel9-0-0_gv_big5.dta
hhid7,sharew7_rel9-0-0_gv_big5.dta
mergeidp7,sharew7_rel9-0-0_gv_big5.dta
coupleid7,sharew7_rel9-0-0_gv_big5.dta
country,sharew7_rel9-0-0_gv_big5.dta
language,sharew7_rel9-0-0_gv_big5.dta
bfi10_extra,sharew7_rel9-0-0_gv_big5.dta
bfi10_agree,sharew7_rel9-0-0_gv_big5.dta
bfi10_consc,sharew7_rel9-0-0_gv_big5.dta
bfi10_neuro,sharew7_rel9-0-0_gv_big5.dta
bfi10_open,sharew7_rel9-0-0_gv_big5.dta
mergeid,sharew7_rel9-0-0_gv_weights.dta
hhid7,sharew7_rel9-0-0_gv_weights.dta
mergeidp7,sharew7_rel9-0-0_gv_weights.dta
coupleid7,sharew7_rel9-0-0_gv_weights.dta
country,sharew7_rel9-0-0_gv_weights.dta
language,sharew7_rel9-0-0_gv_weights.dta
SHARELIFE,sharew7_rel9-0-0_gv_weights.dta
H_SHARELIFE,sharew7_rel9-0-0_gv_weights.dta
dw_w7,sharew7_rel9-0-0_gv_weights.dta
cchw_w7,sharew7_rel9-0-0_gv_weights.dta
cciw_w7,sharew7_rel9-0-0_gv_weights.dta
cchw_w7_SHL,sharew7_rel9-0-0_gv_weights.dta
cciw_w7_SHL,sharew7_rel9-0-0_gv_weights.dta
cchw_w7_REG,sharew7_rel9-0-0_gv_weights.dta
cciw_w7_REG,sharew7_rel9-0-0_gv_weights.dta
subsample,sharew7_rel9-0-0_gv_weights.dta
stratum1,sharew7_rel9-0-0_gv_weights.dta
stratum2,sharew7_rel9-0-0_gv_weights.dta
psu,sharew7_rel9-0-0_gv_weights.dta
ssu,sharew7_rel9-0-0_gv_weights.dta
